,file_name,mean_mfcc_1,mean_mfcc_2,mean_mfcc_3,mean_mfcc_4,mean_mfcc_5,mean_mfcc_6,mean_mfcc_7,mean_mfcc_8,mean_mfcc_9,mean_mfcc_10,mean_mfcc_11,mean_mfcc_12,mean_mfcc_13,mean_mfcc_14,mean_mfcc_15,mean_mfcc_16,mean_mfcc_17,mean_mfcc_18,mean_mfcc_19,mean_mfcc_20,std_mfcc_1,std_mfcc_2,std_mfcc_3,std_mfcc_4,std_mfcc_5,std_mfcc_6,std_mfcc_7,std_mfcc_8,std_mfcc_9,std_mfcc_10,std_mfcc_11,std_mfcc_12,std_mfcc_13,std_mfcc_14,std_mfcc_15,std_mfcc_16,std_mfcc_17,std_mfcc_18,std_mfcc_19,std_mfcc_20,skew_kurt_pca_1,skew_kurt_pca_2,skew_kurt_pca_3,skew_kurt_pca_4,skew_kurt_pca_5,skew_kurt_pca_6,skew_kurt_pca_7,skew_kurt_pca_8,skew_kurt_pca_9,skew_kurt_pca_10,skew_kurt_pca_11,skew_kurt_pca_12,skew_kurt_pca_13,skew_kurt_pca_14,skew_kurt_pca_15,skew_kurt_pca_16,cluster
0,01-MFCC.csv,-237.7186617,158.8623788,1.755188679,17.29272573,9.288440402,12.593411,-0.657665323,8.882507947,0.08412007,0.933232014,-2.264101799,5.113392568,-0.769666075,-1.034065828,-4.096893942,-4.660513343,-5.384974578,-11.50696112,-5.98786291,-0.315556644,82.46406076,35.92447561,23.36084299,12.35278133,12.41329608,12.03282176,11.78710429,9.051273618,9.700676825,8.92352521,8.967595256,8.294548725,8.411700005,8.355919689,8.203469731,8.306525369,7.605794233,9.953865162,11.19320057,10.68166619,-0.573941921,-0.307463669,-0.94905764,0.851108315,0.096000185,-0.935410564,1.529727092,-0.254903892,-0.977466459,-0.03149129,0.720432756,1.6440159,1.344662092,0.202460074,-1.05966808,-1.486956096,2
1,02-MFCC.csv,-235.8437245,147.0838471,-8.683155705,32.92466563,2.918975311,27.38348669,-23.35813728,6.740865713,-1.851815224,-11.64212969,-9.470322225,18.18453002,-7.12794617,-1.838488482,5.443003338,-1.54731765,-9.721859328,1.565693802,-0.924680495,-6.975264636,97.01461533,31.50364672,21.78456837,14.75186892,17.21857175,11.17834909,18.29290817,11.67680028,12.98954581,13.3448734,9.596868839,13.14517037,9.541138564,10.46223331,9.973306143,7.416407983,8.702114814,8.230295867,6.769514353,7.706548943,-4.183134986,0.344711181,0.051917428,-0.012201147,0.044186572,-0.582068313,-1.714482854,0.480143518,0.623633088,1.499345935,-0.436234144,0.319313809,-0.860690769,-0.427838251,0.302293278,1.201903095,2
2,03-MFCC.csv,-150.180663,126.2862412,-45.66007227,27.68652873,-9.114286124,16.04851536,-11.55323525,9.506453105,-0.108146617,3.474982266,0.194381394,5.121798001,0.57300103,0.512720631,1.789387689,-2.23484292,2.219451811,-2.696843002,0.741735962,-1.335238786,108.3055835,35.74609031,28.29365624,22.01226927,21.34765916,16.46319272,15.07768808,10.67403835,11.42413802,9.864643638,10.77879311,9.318823963,9.097647029,8.850251774,7.51982267,7.752603966,7.358786459,7.121599934,7.225797811,7.359269686,1.21042338,2.741335028,1.866488793,0.970353726,2.115540485,-0.972975686,0.204640552,-0.167635846,0.258333236,-0.490017482,-0.387263813,0.728836029,0.883774878,-0.282627938,-0.438412319,-0.153455381,1
3,04-MFCC.csv,-250.2295208,91.38764728,-51.73082092,52.86267924,-12.54793741,27.30564324,-16.87998009,21.45566795,-8.266417657,6.626375058,1.24922791,3.23644408,0.706346942,-0.867986675,6.860059165,-4.060022521,7.397014056,-0.989912234,7.066877394,0.566019197,98.56035796,32.53786254,25.43874272,22.01187141,22.00683306,18.57948,18.91355911,13.04165038,12.78671513,10.80171296,10.77550965,9.450345748,10.48051154,11.14831233,12.2632677,13.47641372,13.7263657,11.34052577,12.72470398,11.80273552,-0.232862462,0.556494248,4.368430118,1.966224351,1.130793904,2.641898873,0.847639856,0.552760489,-0.225261313,1.23238621,0.013216382,-1.623896954,1.560740752,-0.134433756,-1.291239319,-0.072506254,5
4,05-MFCC.csv,-254.2776042,204.5799741,-47.36758185,6.15153794,26.69589807,-9.915818089,-1.486453191,-3.449071059,-6.206241929,-4.376030215,-7.425978537,-1.790536156,-1.963536105,-4.52984314,-5.138658538,-8.205476071,-6.730092027,-5.033222125,-3.696790129,-3.186682608,40.44297634,16.82180569,21.12295711,17.64259426,13.421747,11.49544849,10.91029989,10.2511559,9.353168869,9.447044948,8.816946016,8.546553086,8.57635442,7.834651359,8.108230576,7.832724269,7.610483415,7.271216508,7.129638575,7.096241231,-1.864424027,2.505084709,-0.855595028,-0.856807654,0.557518606,1.060770966,-1.09594576,0.832509293,0.429861198,-0.272580357,-1.188111922,0.72718483,-0.188559153,-0.037384526,0.697763157,-0.142421548,3
5,06-MFCC.csv,-186.3854089,125.5965825,-28.13823878,42.85435719,-20.53209138,9.098547658,-15.0622854,11.64619939,-14.74434896,1.068441522,-9.197882682,-7.401391792,-3.576030587,-7.544417168,0.876229474,-3.62715479,4.260489667,-8.42629996,7.056357641,0.437515208,71.22693911,27.7679657,18.53623153,22.64065364,18.78342163,13.29854108,15.46663935,10.69271517,13.3270937,17.51625443,11.49506656,9.908041164,11.22359633,11.64476586,10.08469683,9.653030887,11.8543022,14.66560239,13.77859633,11.35651555,0.961941128,0.070651902,-0.233745164,-1.711323166,-2.384993829,-0.294042433,3.030252403,-0.108607902,-0.366440408,-0.338064698,0.398857957,0.031423621,-0.149294017,0.193070686,0.703299298,2.036806699,5
6,07-MFCC.csv,-274.4519958,166.6525341,-64.70450817,33.74015913,7.699390395,-2.138637988,5.514648363,7.013633246,-2.395210953,0.780716641,0.967459074,1.618733318,-8.936951055,-4.524952756,-0.862724429,-9.331088501,1.420038176,-4.621646684,-9.15131373,-3.294213513,77.58559524,31.07064115,25.55345324,18.2113087,15.79111425,11.78685632,12.94072688,10.57624173,9.720056389,12.37050685,12.02670506,11.00794386,9.458906911,9.466481762,9.457921454,9.172875338,8.912161863,9.435678561,10.31381266,9.302685946,-1.833976453,-3.562899249,-0.095586279,0.764760763,-0.354213065,-2.764153637,-1.096677791,1.034410112,-0.593448288,0.355030014,0.932178217,1.763757095,0.32887012,-0.301614747,0.133257551,-0.508788688,2
7,08-MFCC.csv,-144.2063768,125.3911702,-26.56589259,40.71103307,-14.72171393,21.80421391,-10.32745867,12.09011186,-6.479905022,9.751546317,-5.704589146,3.526822796,-4.021372154,1.00889398,-3.516252881,-0.527570362,0.17809329,0.211996357,2.15652263,-0.480916677,104.4796651,38.75082027,23.1389842,16.34306563,15.98116059,12.87933543,11.77566367,10.88680071,10.36738094,10.60880901,9.800122111,9.955044551,8.373878924,9.04397414,7.901215221,8.314823893,8.106065462,7.935800916,7.666347374,8.044774303,-2.660012219,1.485053121,0.679711743,0.054239391,-0.098784639,0.740250015,-0.236737001,0.954941264,0.358096301,0.761476346,0.565960606,-0.574439738,0.233952242,1.148029127,0.535636377,0.126869417,1
8,09-MFCC.csv,-262.479356,196.6630936,-67.14680302,-0.844851538,34.50253462,-18.2050244,-10.26262818,-0.053819558,-8.483545809,-7.546896485,-9.443345701,-9.495032225,-5.489535866,-7.103293161,-7.137121196,-4.33133098,-5.82932555,-6.556752914,-5.550672299,-6.562037548,50.72081782,24.56638737,34.38804899,17.56026028,14.28701998,11.91047994,11.11867169,8.594912874,8.739235065,9.439359777,8.634364515,8.713243826,8.732136237,8.306484121,8.66461452,8.31276788,8.060618542,6.903986152,6.472970697,6.862648459,0.693288381,-0.251687261,2.219492786,-0.537664297,0.811809337,0.478003592,0.279273035,1.963382856,-0.281868334,-1.487892603,-0.721901297,0.329215313,-0.252042039,0.319289922,0.271265359,0.33280384,3
9,10-MFCC.csv,-190.5574254,192.9336097,-15.21303616,16.21895605,-26.91787715,23.69091714,22.87195543,-42.32628074,7.132794284,15.47430742,-21.51447164,-3.894304818,6.066715488,-0.426629701,-14.56053343,-3.763283852,7.473021515,-8.253303058,-2.329534285,5.014559274,52.64304948,31.00056947,22.20408718,19.02536259,16.22850003,11.5057072,15.00281867,14.76924492,11.84465259,13.27060499,10.3772928,11.94610659,10.59001956,12.73626776,10.19556356,11.73005951,12.73215039,11.46008239,12.11194686,11.52299183,0.063260216,-0.783594613,0.651691013,0.913722094,1.661088749,-1.407412818,0.560753939,-0.127128675,1.125351912,1.325903621,1.372175938,-1.878306513,-0.651665276,1.177812045,-0.415948981,0.374864888,5
10,100-MFCC.csv,-273.7871636,201.356467,-62.7136343,-12.3756456,44.06129132,-9.085805654,-17.98515286,5.606873693,-1.756856074,-7.646543145,-4.142893769,-0.261467333,-3.065206912,-3.913708546,-3.55424412,-2.941222786,-2.252978078,-2.266244156,-3.469333967,-5.127534352,45.73865904,18.16314265,24.34720951,14.10638815,15.17272907,13.52774292,10.54164593,10.02591438,7.918066594,8.225014963,8.43351878,8.15950467,9.078065124,9.652365036,8.545341492,8.532096763,8.428374594,7.596273158,7.02581176,7.057726039,-0.652018366,3.565629685,0.098288588,-0.766618729,-0.250787085,-0.117120152,0.454896488,1.919768213,0.097237181,-0.41100662,-0.85441761,1.352477256,-0.09176633,-0.222167705,-0.374860158,-0.465631387,3
11,101-MFCC.csv,-249.0004717,166.891162,-64.62792757,33.45502838,8.120456112,-2.603316729,5.925979887,6.651478061,-2.145311622,0.649026072,1.040531651,1.646497934,-9.019208936,-4.492607297,-0.955645913,-9.290628751,1.344333647,-4.568869891,-9.24007153,-3.24594,74.47456143,29.63810086,25.26964343,18.20147547,15.80430629,11.80781095,12.98023462,10.60587087,9.744001722,12.413602,12.04419448,11.04185148,9.461649803,9.480068629,9.507139787,9.169860184,8.935570202,9.474166546,10.30120766,9.323276869,-1.802778361,-3.613878015,-0.128903456,0.737965466,-0.44670583,-2.93384506,-1.156291964,1.117922646,-0.65434287,0.445988972,1.043453161,1.878841724,0.291860916,-0.272948946,0.121915886,-0.492906203,2
12,102-MFCC.csv,-299.2428212,168.2746273,-62.39687788,25.63880503,22.69674467,-17.57504274,10.6528513,-4.769844582,-10.94585584,-3.802581001,-8.21381389,-3.411625875,-9.693541513,-10.08847159,-3.955745906,-7.06120292,-1.604799131,1.324988457,-3.809630965,-3.565158702,46.81658697,29.33445115,31.51452031,25.6120418,16.71338031,15.24825656,12.78553094,11.74515086,11.37154623,11.4059214,11.81609691,11.32665509,10.82550684,10.84853255,12.66364109,14.30029367,14.40911646,13.91994557,14.72781438,14.21445827,3.820367292,0.794548746,-1.314345071,-0.918354476,-0.448983781,0.786311373,1.493971965,-1.561425562,1.623055267,-0.10486678,-0.524685998,0.060612042,-0.358361605,0.531351299,-0.302660097,-0.115000864,4
13,103-MFCC.csv,-192.368253,111.9111974,-9.713345551,43.87446232,-5.843024115,25.60470781,-4.930209536,11.69462003,2.119245547,9.522237785,-2.650884407,6.812910372,0.497792649,-0.20802766,4.056976178,0.19070229,2.884518293,-0.933950299,4.374451036,-0.813578121,113.3789235,42.15103758,31.79611014,25.012736,22.77143375,18.47616799,16.9547423,12.16388803,11.302654,11.26604794,11.14871729,10.27895802,8.243606015,8.507817647,7.863967114,7.918333438,7.269120814,7.454046008,8.142717587,8.69768579,-1.109176617,2.626555845,0.353380391,2.460275707,0.288965155,0.53178765,1.581627613,0.193901362,2.636326399,0.813612671,2.453891388,2.006174554,1.503431645,-0.101807372,0.022018549,1.535146099,1
14,104-MFCC.csv,-179.1807956,139.6301558,-17.53661601,41.19750925,-3.889618198,9.178953237,-10.61407026,11.2151748,-9.411103099,-3.67183581,-2.409740321,-3.894488966,-2.443553124,-0.456592679,-2.666836535,-6.024030318,-1.872299884,-3.87015342,-1.509523961,-2.32960571,63.09742107,31.39909267,22.45345294,18.98287143,17.37661749,17.76076315,16.17802189,12.7861102,10.54507824,10.96814754,8.6617941,8.937677477,9.485463876,9.598587411,9.32630489,10.61875778,11.71878311,10.29099667,9.424256238,9.870079979,1.709942787,-0.598261051,-2.642233751,0.62406777,0.698038303,-0.175139109,0.432365645,-0.758464173,-1.402251685,-0.339700404,-0.324603155,0.014131345,0.390090847,-0.443423011,-0.558075777,-1.067274394,2
15,105-MFCC.csv,-321.7890587,176.8662993,-24.18139098,7.840323937,26.07642836,-5.3119371,2.226931726,-4.194395893,-12.83925477,-1.972495036,-4.237933522,-12.21989595,-10.07152372,-5.097301734,-3.749750612,-1.899797131,1.965669776,1.055337635,0.708266746,4.073622998,43.92630011,26.79263534,26.74927661,18.66137108,14.96142134,15.34139451,13.92412543,12.52333911,10.73226998,10.60945122,11.93199058,10.50017828,10.63523631,12.55515135,14.77001724,16.87155019,17.74217769,15.40640023,14.4927553,16.45936813,0.858744049,-1.331851631,-2.086822562,-3.629400272,-1.749467889,0.074492821,-3.678714152,-0.007685922,0.970136164,1.218462399,0.350823801,-0.240726291,-0.335418295,-0.311650502,-0.199516517,-0.010293218,4
16,106-MFCC.csv,-224.3859455,154.5086348,-19.56646509,30.07587063,-9.324554616,6.658399065,-7.981512075,8.814774996,-6.01646696,-8.407490756,-3.479882168,-8.413814017,-6.916310597,-8.435210185,-0.269228455,-3.605600614,-1.30915322,-2.203427829,1.664655138,1.603084661,64.35556342,29.61369575,21.66255396,18.92356486,19.86647813,14.21539285,12.00790191,9.417089278,9.282472112,10.29918102,8.970254203,8.426807139,8.505545548,9.395727658,9.115583777,9.210515784,10.19559466,11.89562087,12.87716138,10.38679077,3.428674378,-0.777886363,-1.163929469,-3.050391709,-1.381365021,-2.21498001,3.597087632,-0.875915111,0.705920164,0.113164206,0.696283859,-0.189462091,-0.515008991,-0.671802724,1.729680645,2.898695024,2
17,107-MFCC.csv,-235.6926901,129.048423,2.727209107,38.13747433,-2.542989673,13.58189512,-14.77374025,7.218298052,-16.43966777,-1.551004231,-13.57336865,7.574417422,-5.587443164,3.81659914,-8.30510356,-6.679323765,-12.71062946,-11.00151694,-2.940542923,-8.261320297,87.2583733,29.62252981,16.90419609,11.58064356,12.53237872,10.6528506,10.20144273,10.63050773,9.838137314,11.77127971,10.2274071,9.736128542,9.460986225,8.608031369,7.654359274,10.08021425,8.340958674,10.49588596,8.983698846,9.346356277,-2.1366238,-0.35530217,-1.024607882,1.167854838,-0.676813377,-0.156345328,1.872626111,0.189776395,1.322826707,0.360330498,1.298717658,-1.120117213,-1.166754251,0.286924355,-0.894209049,-0.939673523,2
18,108-MFCC.csv,-195.4973556,118.3590531,6.240523838,37.02985981,-1.967978099,21.48796967,-3.867421114,8.02437875,-6.300256873,3.284708703,-6.697221827,4.078170053,-7.58606062,-4.529801846,-7.095686342,-4.750848674,-4.899154805,-2.617329498,0.302963947,-4.187817881,70.27454428,26.27927768,15.60948002,11.88629067,10.39256779,8.835675791,9.783391214,9.485768594,8.205342648,9.413549142,8.268737071,11.49614055,8.732355624,9.858965382,8.290041283,8.784306253,8.935356133,9.457780195,10.04169162,10.7808087,-1.252391497,-0.90897365,0.63228034,0.160500086,-1.172332749,-0.468387237,1.218339096,0.219099501,-0.755064485,0.698549951,1.899225315,-1.063883029,0.012441478,-0.199488191,0.676708942,-2.1061951,2
19,109-MFCC.csv,-242.6089266,132.6101686,-45.97495102,44.2994472,0.554595487,7.271336495,-6.196165625,3.736654101,-6.865593873,0.082506044,-7.751186629,2.269663687,-12.46937832,-4.68172585,-0.796304134,-10.88827352,0.113599192,-8.707148212,0.496687887,2.770491686,74.34734286,31.53355764,26.40740665,19.46958498,17.54738622,13.30512383,15.13121171,11.75537613,9.571315094,12.33156916,13.68812691,12.17918627,10.59583056,8.832658351,9.869663153,9.943137693,10.01951981,11.08049477,10.1747151,10.92052232,0.323656079,-0.725107863,-0.372846588,-1.507445737,0.049161387,-1.509501121,1.653820379,-0.348087527,-0.219588081,-0.700992733,0.017032944,-1.038482084,1.076341966,-0.470613434,1.036320383,0.947705687,5
20,11-MFCC.csv,-183.5309841,119.319069,-55.60060716,55.88373722,-0.949722076,11.83748278,-0.505006394,13.0192954,-12.29383028,-2.961638309,0.299929098,-2.751924964,-6.417708833,-2.332142567,-0.015117448,-7.737768137,0.320522533,-7.171132326,-4.602020624,-1.458545372,76.15545483,38.4465948,24.07743662,20.32999541,19.41004008,19.01127742,13.41077085,11.42053242,11.031145,11.12238688,10.02892612,9.620010436,9.291130263,9.409830976,9.325538736,9.067468445,9.722473691,10.42761025,11.3683521,10.86999827,3.708991732,1.156568202,-4.769731577,2.397113406,2.064063437,1.538127576,0.121501077,0.30037973,2.45799139,-1.17552285,0.102351443,-1.470247792,-0.857064338,0.851460664,-1.32914559,0.575296247,2
21,110-MFCC.csv,-216.6659709,160.6394835,-85.30366464,39.62193794,5.021554874,-2.171429062,4.24802843,0.37212706,-2.574656697,-0.937116183,-5.270299062,0.978003543,-2.680938403,-5.131587568,2.399930094,-2.021497067,-0.069861568,0.078792473,-0.900160614,-3.809558863,91.17876438,36.25554306,30.17315484,23.21624872,19.07778673,11.00739285,13.49711599,10.13134907,8.845021907,8.621498095,8.416218894,8.648212136,11.18036865,10.46860809,10.26753889,9.945223758,9.299991708,10.66182994,10.0835265,8.573731318,9.8300453,0.785606943,6.327513342,0.931643441,-4.828913118,-1.156124763,-3.853746692,0.807678653,2.366717924,-1.547617619,0.094723253,-1.223933696,-1.465297923,0.533546184,-0.406067926,-0.537365566,2
22,111-MFCC.csv,-288.8971609,214.3286167,-51.99884895,-28.16665662,33.68804678,-5.59845336,-12.5330541,4.28687251,-8.856321467,-11.91516799,-3.904314453,-7.507768853,-8.397685952,-5.597562869,-8.033307628,-7.914481305,-6.263791617,-8.301330835,-8.260034984,-6.194607592,38.8109327,25.94308177,20.00524289,12.68970741,13.55468279,14.71053633,12.57165018,9.738749301,10.4967125,10.19733074,9.909513063,9.576947095,10.0640356,8.905906928,9.617972509,9.077519083,8.194517429,7.574068923,6.808275661,6.214750063,0.566116948,2.407608083,3.046741692,-1.673250532,2.264123786,0.978722329,0.011450468,2.548569642,-0.634741893,2.113509742,-1.948021091,-1.259707573,0.37007546,-1.798592259,0.603182213,0.45694198,3
23,112-MFCC.csv,-168.6540636,120.3987996,-51.98206444,62.12292859,-7.443176801,7.895172504,-0.049661153,2.74664703,-9.321652351,-0.367280675,-7.375366268,-6.465914902,-9.725398814,4.54266064,-8.634008711,-3.203578284,0.887154761,-4.519141879,2.123548771,5.150478153,76.44839728,27.38816058,29.59320529,18.97660218,20.51323773,15.66290072,19.53805565,15.70035976,11.73325392,11.39688741,11.25655729,10.77932517,10.18370053,10.83928538,11.33033597,12.13710017,11.62739418,12.74922382,12.37251562,12.96576635,-0.198732747,-2.339629623,-1.135023258,-1.425744816,-0.617689897,1.136180115,-1.36499691,-2.035150256,-1.545360979,-0.097306598,0.488546513,-1.200979065,2.248755185,-0.98861719,-0.437794999,0.802869165,5
24,113-MFCC.csv,-167.8766214,115.0527096,-41.86506809,54.0961834,-14.12258845,10.78085546,-13.11544648,13.09592955,-12.41833398,4.139383292,-10.04451537,-0.142227245,1.507162471,-5.320268642,-2.185936248,-2.866291434,-3.451172921,1.482494535,1.472502531,-0.900243341,77.53048694,33.06580408,21.8045102,21.25437628,20.39143136,13.9521122,14.58255603,13.83693201,13.29670287,12.29337673,12.46205529,11.87797157,12.4503067,11.76715932,11.5696441,11.49253274,12.23145451,11.00877305,9.263320345,9.77204511,3.565141859,0.067077813,0.498851384,1.669442907,3.724108405,-0.509930601,-0.706231973,-0.049862816,1.017690857,0.522864243,-1.427836948,-2.013490026,1.592311106,-0.043637253,2.498721929,-0.867156442,5
25,114-MFCC.csv,-172.6625189,144.6792927,10.3574889,44.93481246,-11.13796965,19.13740732,-9.315156864,8.635800628,-1.103593226,1.148236262,-4.808143796,5.608489045,-3.599040899,-2.778101528,2.343489377,-5.241397175,0.727817392,-3.075689975,1.170967274,-3.628826918,91.16859532,35.57353354,30.13603219,21.6679415,17.48877499,13.82379991,12.99878903,13.09883523,12.00291052,11.79786554,9.743469054,10.11646748,8.197837001,8.931578757,8.101861419,8.136844993,7.150679511,7.243352317,8.358951701,7.558448186,-1.344767391,1.727640764,0.452773183,-0.013336107,-0.02863509,-1.1485361,0.874460534,-1.21841,-1.873161056,-1.651224797,1.069805793,-0.535893401,0.964053338,-0.808696332,0.156874923,-1.529622231,1
26,115-MFCC.csv,-257.2657544,158.3811232,-21.02581201,24.79719685,8.964246751,7.205622262,-3.116603812,1.945468187,-2.21202456,-7.260228719,-1.027406456,-2.04650363,-2.680178624,-1.626755642,1.771338131,-0.450823448,2.527765432,1.70102073,4.591745069,4.985212254,59.41204177,29.31293219,28.94936891,23.43216395,18.1513887,11.38317125,14.96729622,11.39640195,8.63716295,8.576776744,9.034395306,8.777309664,8.602517187,11.79047852,11.40126481,12.00020364,14.12214435,12.3502028,12.99339833,13.7766759,2.377663113,0.251207416,-0.849925904,-2.210859791,-0.410430244,0.265359127,1.638522269,0.039448582,-0.437647934,0.898956016,0.041329301,0.521201411,-0.2836934,1.405531872,-0.360668865,0.154462466,4
27,116-MFCC.csv,-446.8279179,147.4399001,-11.77191627,13.11322745,11.84556635,-6.243413911,5.906643281,-14.12445422,-18.59365917,-6.934099242,-13.15213696,-5.314703201,-0.447190637,-6.096501618,-0.516329326,-5.165573242,-10.6038698,0.416330482,0.265853773,-6.87736687,68.84234003,37.23887107,29.31904388,16.82353062,17.31240171,18.75288237,10.18695848,15.13747892,14.78554218,9.451754816,11.23779062,8.924477545,11.79077067,8.21895974,7.194787702,7.532353684,8.596888919,8.093479573,6.67199436,6.662443564,-5.127675011,3.173471673,-1.906016405,0.221672291,-1.516920477,-0.088813106,-1.052152447,0.244747142,0.16837198,2.20847768,-0.207517634,-0.800481316,-2.29687234,0.202565728,0.906755654,-0.655961494,2
28,12-MFCC.csv,-236.7854868,129.0716751,-36.24598962,47.13225634,-5.926926539,18.67709558,-11.77875658,15.33547859,-4.0148666,0.990754797,-2.411859339,2.907276385,-3.50199376,-0.516136333,2.108020535,-2.320443874,1.881560024,-1.190555333,3.74399641,1.523126695,99.5216648,42.70665569,28.34144187,22.83241908,23.29577089,18.54678636,18.02142947,13.72011859,12.06433071,11.20899519,11.92900272,9.912955679,9.965505971,10.15019244,11.32558862,11.0116409,9.954136938,10.65330017,11.3552731,11.21928629,0.657272969,1.117122645,-0.268829146,0.013249282,0.985360241,0.519975851,1.904238859,-0.889289266,0.93212908,-0.94747939,-0.689851604,-0.182168568,0.362498649,-1.189642043,0.996491842,0.702074072,5
29,13-MFCC.csv,-179.8175674,127.6435891,-56.67462016,48.58187335,-5.484442067,1.90795944,-5.222904766,15.11427038,-6.551330529,-2.972733734,5.34226401,-3.728095687,-4.425978977,2.468726514,-5.014691446,-0.541415925,5.971312643,-3.985651651,3.260712948,3.407792337,66.34483208,29.89726892,24.00919517,21.31644743,20.92409748,14.80815724,16.16795972,12.93944867,11.5741657,12.00782385,10.89892259,10.7559592,13.61044777,11.0447734,11.45376351,13.4692804,13.97488097,14.72684591,13.02982614,13.48103133,0.23202845,-1.529139727,-0.134732315,-0.307461738,-0.114012294,0.119414419,0.78492758,-0.710716502,0.336905096,0.745235402,0.25423964,-1.68813833,0.336484273,-0.756678393,-1.025037063,-0.558099338,5
30,14-MFCC.csv,-180.75229,117.9497894,-51.41017149,59.52760933,-10.24575227,11.32350512,-7.792267625,2.5217904,-6.297141386,-6.30129387,-4.209216755,-2.834458918,2.663685202,-6.934862416,-1.538460342,-2.115241269,-4.737933906,-3.497907403,-3.247443146,-6.286975315,71.69687174,30.27099958,21.16521571,17.71073098,17.5054093,15.53035322,12.06483372,10.50048737,9.282158918,10.66715949,10.10642367,11.05481408,9.052540705,9.000585342,10.76860105,12.12355093,10.25686036,8.86187018,9.632505124,10.23066042,0.244330416,-1.92663761,-0.037551246,0.839190157,-1.3305856,1.312113723,-0.431908497,-0.598108325,-1.843098766,0.154540736,0.119828435,-0.92692679,0.750555724,0.247107912,-0.923439603,0.456038268,2
31,15-MFCC.csv,-188.4606116,134.5937455,-43.96769304,38.48916195,-10.3516039,26.75126,-15.49362111,15.33402445,-6.966723569,0.714960971,-3.139267267,-2.614197515,-5.999768016,-6.341965407,4.591229159,-4.349580506,8.819987371,-3.838512851,3.962639976,-4.646893568,65.92591295,28.28398627,21.81578152,16.57986499,16.29056864,14.22110926,14.99855499,11.05687629,10.72600504,12.02926853,9.846384637,9.308980616,9.108432171,11.16341268,14.11242587,12.91117451,12.51645573,11.75197361,10.04927641,11.529684,-0.25382452,-2.528248444,1.716026599,-0.763793246,0.787599699,2.855526913,0.652896563,0.578016239,-1.660436767,-0.176029635,-0.921335332,-1.443711519,-0.608636598,0.605594893,-0.960712431,1.372829137,5
32,16-MFCC.csv,-291.6690606,131.820352,-18.68975873,34.79483954,4.417620141,15.54905599,-7.027535917,2.356743414,-0.845269871,-3.747344417,-5.787859217,1.457841741,-2.843804937,-4.104140029,-3.431110899,-4.650644968,-7.149868388,-1.597259804,-1.288166533,-2.848999492,144.8230498,61.56752656,23.93512928,22.30686964,14.23371594,12.01202478,14.51185158,12.27436508,10.86400815,10.22577518,11.59764174,9.601567052,11.41645567,7.694034937,7.322123641,8.237222945,8.314427979,8.275613638,8.044786968,7.531414068,-0.084023183,4.575519211,4.480774472,-0.772166233,5.654972105,-4.612866256,-1.878104984,-8.447162217,-0.185244407,1.190356729,0.207224574,0.901112728,-1.128396409,1.763403318,-0.66529261,0.111960388,2
33,17-MFCC.csv,-234.523618,139.5638073,-2.607194327,36.38247005,6.479841141,25.22648587,-9.544026574,1.193445719,6.431837925,-1.317909916,-14.1160168,6.606155512,2.949214702,-5.575260445,-1.100273172,3.859300426,-4.12636324,-1.753304205,-0.423634243,-3.138693347,111.993811,39.78603125,28.96519827,15.07194306,18.61974238,14.42357799,17.69534562,16.11471036,14.16395004,9.493907014,14.56787805,10.34314969,12.16008503,13.3209758,7.309226126,9.089794077,7.868963045,8.2219839,6.841805345,6.142852944,-3.40192293,1.431901723,1.125914256,-0.034164549,-0.167316975,0.337935217,-1.609170689,0.926625072,0.52729126,1.282237379,-0.747181658,0.06563964,0.181415842,-2.883022739,-1.269764369,0.835608064,2
34,18-MFCC.csv,-242.4258506,200.3127783,-60.63207988,-4.796936966,24.74175627,-4.135575666,-10.57047877,-2.679280471,-6.690201642,-8.272401083,-7.767462684,-4.355859652,-2.932386797,-5.229223953,-5.205350089,-6.262788934,-5.63507449,-4.655587934,-3.646424936,-6.219273257,59.06569271,23.09219289,28.76577687,19.57477985,15.43742417,11.10754871,11.27180392,10.27021754,9.012945327,8.317749464,8.650747926,9.466771925,9.371962259,9.098398401,9.055473581,8.315718675,7.639249742,7.25855305,7.219937727,6.985274274,0.558464959,2.612687419,0.287961706,-0.661817476,-1.02869781,0.090962991,1.391282145,-0.025343261,0.778254176,0.394782826,-0.711055427,1.07076862,-0.542908687,-0.7912631,-1.030114178,0.300150726,3
35,19-MFCC.csv,-292.1587569,123.4043474,-62.4689569,46.12898894,5.881285957,9.570044346,-8.220032692,14.33207684,-9.665612924,-4.506517702,2.897130925,-3.270265952,1.364609251,-0.093240327,-4.19276206,-4.55630481,2.678238696,-3.195373759,-2.064740229,-4.030760803,75.61411697,32.73278505,23.82659734,19.74409161,19.8387587,16.35642301,14.63274097,12.71025355,12.00725707,11.94791785,11.57075267,10.98025945,11.94347462,11.62911438,10.741465,10.68805722,11.40679741,11.0047892,11.39757261,11.08666982,0.584607669,0.585339361,0.350927711,0.723809775,-1.128005825,-0.069020303,-0.306935979,1.294394012,-1.734579479,-0.822562384,-0.03777077,-1.173051136,-0.781510961,1.402162709,-0.420505241,0.049023077,5
36,20-MFCC.csv,-181.3032097,102.0526364,-0.171024164,51.25655465,-6.336484671,23.92353888,-5.96550215,15.1316941,-5.060888131,8.914865975,-1.698533493,8.600365118,-2.582862261,1.536348743,-1.392478969,2.664131517,-0.805322797,2.97138589,1.373633999,2.000269165,101.4337773,38.81343661,30.01731097,19.62356336,17.15150322,12.6954866,14.29439502,12.0167434,12.4925083,10.2128054,10.19453033,8.827224899,8.672737214,7.88371901,7.840710219,7.462527508,8.195601851,7.754669209,7.774583208,7.547111174,-2.566254635,2.555039338,-1.182150851,-0.69191081,-0.444730401,0.826574553,0.985786979,0.183160184,0.608394323,-0.347286631,-0.073700789,-0.932060406,-0.198030213,-0.58555941,1.179575711,-0.954358917,1
37,21-MFCC.csv,-202.2113841,110.502033,-69.01847153,61.39147378,-4.172113034,15.18526668,-9.25872872,15.8806953,-0.831069348,-3.204176709,-3.24911163,3.60790977,3.136497266,1.78571256,1.613057849,-1.070578829,-2.91668718,-0.749198988,-3.543705114,-1.405788828,69.34214662,33.56571953,26.53212093,17.49351352,19.89861917,17.26370824,16.0263389,12.81450275,12.60788166,9.52447562,9.131608057,9.91286068,10.26288791,8.854023753,10.74911137,9.968246426,9.972265504,9.763013549,10.06641492,10.32537729,2.079762195,1.893162062,-4.05059379,4.813728216,0.566428323,0.867090708,-2.840343939,0.416854828,-2.109425988,0.626328956,-0.0731507,-0.627863162,0.878875047,-0.149410233,0.036030493,2.856670305,2
38,22-MFCC.csv,-213.5459621,141.4560603,-42.27276007,52.38770961,-7.739217947,10.72322514,-3.55988509,12.724144,-5.469965294,-0.506695792,-1.222317253,-1.400286226,-5.907087584,-3.785496401,-3.516450614,-2.593556955,-1.963071905,-4.553844698,-2.485647904,-3.43588985,85.75684628,31.25034246,26.43995595,18.16420877,19.09184423,17.07498365,14.48412401,11.2179932,11.18385158,10.40936857,10.58704602,9.00794998,10.25707701,9.155941452,9.148355452,9.410444887,9.78201802,9.046656549,9.366115002,10.48265056,1.794992931,-1.092311296,-3.283215919,1.923766075,2.313331126,-0.716864456,0.559424153,0.479660914,-0.347786491,-0.304003656,1.133196544,-0.083514422,-0.845846704,-0.92393681,-1.372326079,0.138259404,2
39,23-MFCC.csv,-228.6356687,183.547245,-39.94463713,8.930882584,25.45902794,-8.492074753,3.480706781,3.747267514,-3.652299225,0.950303304,-2.821285848,-5.352515899,-7.64073203,-5.301525293,-5.508891515,-5.240810574,-0.351178408,-0.255726125,-0.779119233,-1.510324205,62.81511246,27.95249814,30.63529301,19.62065944,13.30752973,12.6691424,11.83023882,9.377722716,8.547526011,10.14359609,8.629041301,8.320761395,9.218322353,8.865295555,9.261565327,9.990001427,10.76233104,11.82252751,11.21813107,9.723499789,2.782715254,-1.367103584,-0.689688293,-1.693811176,-0.847333101,-2.200915599,0.340614292,1.596356774,1.108341582,0.888612145,2.048815239,1.088310187,-0.728386812,-0.799995951,0.284494867,-0.814689329,3
40,24-MFCC.csv,-241.7805582,149.2503089,-19.79992703,40.42328691,-1.654370694,14.12950067,-4.269494699,10.18533411,-1.444645061,-4.427418999,0.634003176,1.497371245,5.043750833,-2.240877871,-2.048940095,0.695232851,-7.768426176,0.887556946,-2.183571804,-3.723598644,93.8964889,38.95983227,31.00368761,20.37283946,17.09271461,16.43196403,14.1851115,12.94084964,13.89418149,12.52263847,12.17835186,13.19683573,12.65301171,10.5382082,9.667047087,10.52162152,10.4280117,8.462698112,7.671184787,7.740291261,1.156260784,1.24586453,4.25761354,0.002436913,2.557750843,0.838132114,0.981954188,0.644589961,-2.245355966,1.787568187,-0.467106757,-0.267213265,0.78637988,1.004380085,0.181587063,-1.004630567,2
41,25-MFCC.csv,-258.7238855,139.1700684,-57.79458058,30.17408791,1.62980698,3.220859364,-5.009722722,5.242746528,-6.240127382,-3.269900716,-2.492624728,-3.823210772,-13.59027988,-9.613264812,-6.486075546,-9.87900865,1.73640053,-9.388045275,-7.090794136,-1.880538565,78.01219666,31.88670317,26.5065033,22.0042006,16.84782309,12.86163303,15.7269706,11.12807021,10.15051306,12.43213274,12.37506645,11.16932616,10.83116437,9.642924447,9.481267836,10.32340123,9.76786752,10.68930043,11.97059656,11.38463131,1.200968648,-0.21754921,1.291407406,-0.645537185,-0.106643164,-2.811855893,0.251748052,1.147562861,0.32286403,-1.116145177,0.589887132,-1.09268602,0.395551092,0.273335548,-0.217105045,-0.394502726,5
42,26-MFCC.csv,-274.5630951,228.1581557,-20.27520508,-28.18754679,25.42921076,1.180702384,-10.05975479,0.175638224,-6.190987427,-5.469362896,-2.935912758,-9.53967211,-7.229600166,-3.807801014,-6.264737226,-2.645899351,-0.105373892,-2.86875533,-1.939242442,-1.896430804,29.80142407,19.27442281,16.07521654,10.78275038,10.7846774,9.649241211,7.768407902,8.385013525,7.292985328,6.966246573,6.750768074,6.927508012,7.136967839,7.290206668,7.767134607,7.807368246,7.808427174,8.562763076,9.124252451,8.482202925,1.136750833,0.583525948,-0.203469631,-1.412135994,-0.113742833,1.042617811,1.849762552,0.854925145,-0.053706734,0.797657252,0.142615424,0.011103437,-0.075538338,0.920094106,-1.683444606,-0.383802815,3
43,27-MFCC.csv,-300.2364962,146.7168176,11.90592081,36.24278895,15.13790604,6.872836294,4.663018589,2.719327516,3.531182172,-3.033036879,-4.657952053,1.17434205,-5.160727302,-1.65726552,-5.644983821,-7.835014894,-3.460696947,-5.648657266,1.173820988,-0.581504207,67.6803491,34.03122941,16.65650712,14.82454424,11.22992112,9.555904459,11.91682523,8.856168227,8.785018757,8.676587586,8.571512914,10.02095048,9.384147061,8.023969218,9.514902528,12.88928902,13.53584698,9.307446079,10.32124626,9.686029161,-0.162251148,2.989283919,2.500449668,3.507150828,-0.923569955,-5.046177003,-2.174271154,2.812425989,-3.163166016,-4.21985083,1.434183766,-1.361842824,1.451216338,1.481296586,-0.464431995,1.805628188,0
44,28-MFCC.csv,-262.0366369,195.7727786,-44.82603718,-14.8360609,30.84844698,-0.099598907,-13.38608715,-0.46473739,-12.42882745,-12.90796107,-8.439646055,-8.2685737,-1.25727338,1.059816532,-1.273291943,-2.381944431,-6.635709004,-13.69686088,-9.435147943,-1.391802607,37.57867159,34.41571806,22.99104794,26.65834168,16.43376905,12.73117077,9.817960872,9.56163045,8.631401522,8.632471398,8.185458132,8.023027351,8.340102217,10.2668266,8.872840278,8.233089204,8.53116934,9.051311093,8.413335178,8.113297816,-1.514147817,3.01685537,-1.660460826,-6.171606945,2.488474935,3.48179783,-0.176930769,1.572592453,0.762844864,-2.545869207,2.028799953,1.257012735,0.671748548,3.006230014,1.140170299,-0.52602219,3
45,29-MFCC.csv,-289.6756286,197.7288776,-40.27947558,-15.42319099,34.93885485,-13.17498969,-21.57160687,2.082643886,-10.59746177,-16.31133706,-6.88924788,-11.27433888,-11.24254025,-6.390717515,-12.13336426,-14.07394445,-9.820762357,-10.60020052,-10.49963241,-8.300018179,53.49440552,30.17648,27.27090733,13.14808882,13.67169824,12.63091983,9.526473805,9.28484531,8.674331307,9.859353636,9.484807241,9.864147578,8.370214099,7.680836109,8.579702574,8.113958001,6.769338702,6.784952306,6.030932092,5.922995358,-0.371213044,-1.01806548,0.911398396,-1.544949498,1.911728283,0.131716963,-3.285249152,2.166532502,-1.502216954,2.688792265,-0.362210025,0.189738795,-0.397164864,3.47245614,1.198488061,0.568038848,3
46,30-MFCC.csv,-237.3081321,139.637624,-46.65350544,30.50477847,4.574846041,7.7848424,1.189968969,7.960593842,-5.573358464,-9.629945422,3.699606213,0.35559497,-4.750181105,-0.806693381,-0.291780829,-3.42316658,0.234875216,-3.294260944,-6.46066534,-7.44065634,73.00465814,26.92562493,25.65513242,19.22375188,16.07992983,11.52561357,11.9573514,12.83570724,10.21424011,9.637072133,10.89615143,9.336440431,10.54889186,9.231377772,8.898705057,8.897659424,8.486870489,9.458056077,8.47372631,9.995925569,-1.071336005,-0.560593736,-1.225356108,-0.402667917,0.74060023,-2.543479726,1.128337154,0.921593427,-0.2418424,-0.76811585,0.621134779,0.804526803,-0.1142158,0.804372049,-0.428405803,0.453765776,2
47,31-MFCC.csv,-249.5840599,129.5922102,3.396579347,41.21356004,-21.33416773,23.90396697,-13.27383036,12.73688283,-9.843165123,-0.292685889,-12.69612937,0.731189634,-9.042370069,-1.975178801,-7.010319427,-5.138718607,-4.364898417,-4.494788624,2.735852857,3.678346916,118.9609526,41.03708626,17.25253846,21.69232186,13.01209438,18.45882095,11.52286531,15.3243741,12.90568722,15.25515986,10.83060082,10.79191659,10.17743105,10.81036305,10.39950746,8.291692667,8.407551735,8.948497544,8.759308202,9.932087078,-2.610042207,1.373149528,-0.444117219,3.322373774,-1.439639795,-0.060424203,2.031256588,-0.110349757,2.568481537,0.288092985,0.95971116,0.551093794,-1.557820353,0.620508075,-0.410687606,-0.797681547,2
48,32-MFCC.csv,-209.5982962,122.7781985,-24.61398207,47.40994749,8.837772725,18.72886166,-3.782980797,19.36863258,-7.057609903,4.443600723,-7.864526317,0.066431361,-2.685348671,1.316644819,-6.018172877,0.070265831,-7.436831804,-2.001463832,-4.085258066,-4.197394165,93.88466014,34.5600326,33.55504619,22.6743493,20.13143126,14.99319929,14.22070063,13.9413455,12.49220279,12.0424187,11.11905577,13.29079453,13.23407823,11.8968775,12.41645413,11.54591856,13.00367276,11.25138681,9.949146191,10.16359443,9.287301017,2.933839532,-1.387815323,3.51027949,3.214123114,1.407106585,-0.96972149,0.889857282,-0.392988519,-0.609224012,-0.170776394,1.720704943,-1.302418829,-1.519783541,2.225495213,-0.006582794,5
49,33-MFCC.csv,-249.7149673,115.0954478,-50.38658268,49.44071615,6.07102012,0.211804444,-9.097863143,11.84755379,-1.285518493,-5.189024539,-0.683578448,-5.096513279,-4.925481515,0.691715889,-2.690624163,4.834702408,7.529310924,-0.842385669,4.107655959,4.938225098,75.26672645,31.01682386,29.84195378,24.05471258,21.98991903,17.70981501,16.70668429,13.34104104,9.804204039,13.46941965,11.99404493,12.64811796,14.82143428,14.87772191,15.87374125,14.77610922,16.34799371,16.92274748,17.01620292,17.28979582,-0.237812475,0.325200319,0.585715769,-0.542632529,-1.440806011,-0.500045565,0.43904617,-0.854810439,-1.659451119,0.424845357,-1.610260002,0.011374437,-0.692566812,0.28286709,-0.80463665,-0.924408084,4
50,34-MFCC.csv,-264.4388779,130.5621029,-12.4736213,28.09263221,-11.43110622,13.99777856,-17.97222041,5.077435727,-10.52749076,-3.713459699,-11.06349132,-0.231842831,-5.903874409,-2.002803476,-1.246546955,-4.078348215,-1.379032637,-4.682739017,0.722555166,-3.327131367,131.4208754,37.17724696,33.8175771,24.68359187,20.26711951,23.46829026,14.03959709,16.37322129,11.0652044,14.51688725,9.600090919,11.10245967,9.707992155,10.05255651,10.13233671,9.477139017,8.995503563,8.025812712,8.499472162,8.227403741,6.97946555,4.275384872,1.41613277,-0.388729257,-7.376956432,-0.26453991,-0.068350586,-0.527551506,-1.1766809,2.890831486,-0.210777221,2.440906985,2.827299726,0.439913836,-0.793992266,-0.119618989,2
51,35-MFCC.csv,-210.6383556,149.4436791,-6.940869964,35.59730553,-8.700658698,21.82963521,-4.993530136,19.04341047,0.063336579,3.602071408,-7.868268813,5.077495483,-8.268780346,-5.875685956,-3.852396586,-9.052941103,-0.361610533,-6.296980372,-4.605583808,0.105212426,79.33282962,30.14848044,22.68157657,15.10525026,16.35488288,11.34550551,15.54615348,12.24496728,9.902638023,12.15302077,9.282742334,13.15561549,8.576178998,8.88463657,8.033371545,12.78816327,11.27767548,10.19528833,12.10128281,12.3609708,-0.520317001,-2.70891227,-3.042056394,0.830834663,-0.782472177,-0.029178506,0.088151461,-0.826314904,0.388159489,-0.783753505,-0.802831022,0.51457427,-0.045619153,0.767705904,-1.061832307,0.221580934,2
52,36-MFCC.csv,-182.4957884,149.3339229,-67.44108496,62.1283928,-3.072479891,5.958277979,2.403044562,6.950452286,3.259503432,-0.820340465,-1.577097907,-3.753695961,2.428447787,-12.17698485,2.064775089,-2.748187671,-3.732924784,-0.460770177,-2.568384414,-3.465955517,71.80150247,28.47559701,25.50952668,20.60046606,19.03101947,13.2219034,12.76898585,10.62787238,10.35113263,10.05747881,9.063653414,9.358638675,11.20933744,11.19278184,10.4153508,9.528369139,10.59599431,10.56475242,9.974397121,8.958082024,2.099369023,-2.708106277,2.915385908,-0.442432559,1.579202893,1.134771313,-0.032276999,-0.346757582,0.400702768,0.241997788,-0.151509518,0.712745866,0.730536937,-1.429837024,-0.482856339,0.469393231,2
53,37-MFCC.csv,-176.7258215,119.9197482,-53.19833578,62.80768231,-1.157093189,19.68420048,-15.4739479,-2.298248989,0.836911006,-9.504643588,-11.02456027,-0.179020589,1.939981109,-7.985136093,-3.882101989,-0.356733406,-5.919608496,-5.071854237,-4.840172917,0.876894496,78.5282572,33.23315133,24.01924141,20.26796108,20.9534192,17.83060722,13.89792151,13.37692738,11.21146516,12.83086826,10.94058202,11.35971931,10.30890534,9.957103312,7.803062636,8.935835263,9.138594659,9.582393947,7.716811307,8.079894142,-2.541383927,-0.464541407,-0.635128723,0.043899751,-0.786353091,1.382980253,-1.612219012,-1.331295746,0.019432668,-0.445399082,1.298201629,-1.047770785,0.734029762,-1.447764836,-2.283077949,-0.032861532,2
54,38-MFCC.csv,-292.2206344,198.4455877,-15.10980394,-10.03902117,23.16799116,-12.59141897,-12.84518409,-0.058558813,-14.62056834,-14.92663707,-7.051536098,-9.983332694,-8.725750616,-5.88935862,-5.99965851,-3.835344176,-3.103640756,-3.969246201,-3.811548132,-3.706002091,48.13123582,33.22792137,26.6599745,18.01579266,16.35091959,13.02604406,11.85081824,10.88460862,10.05643694,10.04837906,10.37179045,9.763701381,10.97037922,12.68791452,13.5628919,13.31049792,13.02143127,13.88162956,14.17933364,13.71130153,4.581747089,-2.896447361,-2.6716479,-0.996854702,-0.860451918,-1.907248824,-2.211325263,0.135718267,1.244284229,1.911812737,0.85468827,0.535750487,-0.24993654,0.565075908,-0.629031642,-0.191753328,4
55,39-MFCC.csv,-200.18009,109.507634,-56.91659395,55.43864518,-7.77187333,8.881264007,-6.961743767,8.573432597,-12.00515863,-0.888507644,0.20009803,-8.081958229,-9.588245976,-5.31705434,-1.150022046,-1.032335009,5.748428093,2.446725548,3.189359013,-2.178233151,80.23586332,30.1855156,25.72157368,19.53049175,19.48465509,15.64170855,13.91010875,12.53327121,12.21384896,10.38470052,12.0532875,10.4038801,11.56261699,10.7859166,12.6550263,13.53161624,13.77425643,13.46133419,14.77689849,15.01623289,2.040204176,-0.401747329,-0.649787936,-1.55487856,-2.191541751,1.412105377,-0.321985106,-0.954111865,0.276199663,0.529347813,-1.440471365,-0.235266087,0.238563939,1.567939187,0.492181769,-0.60514015,4
56,40-MFCC.csv,-238.4396636,164.543962,-56.00763413,42.06486007,0.201342566,-4.232202364,6.050234979,-4.336655778,3.777507453,-6.477675274,-3.358599564,-0.727477811,-8.636858556,-3.915599952,-2.1205146,0.54366722,3.627752556,1.452659751,2.673010559,-1.314698076,81.1886489,35.39263884,34.96616124,23.44711529,17.8247685,13.19331371,12.41691572,11.04621043,9.349871686,11.88620471,10.2426929,8.869321983,9.825013837,10.47553409,11.7983173,12.05833597,11.58333198,11.11030662,12.08617445,11.97096929,2.764939956,-4.552694333,5.481935264,1.541377699,1.359033789,5.920712336,1.36592021,0.229244671,-1.486572073,-0.674317103,2.321430641,2.315602364,-3.061180712,0.36844433,-1.346332444,0.82014462,4
57,41-MFCC.csv,-181.5914872,139.5609078,-38.00811129,53.22277725,-2.813106585,10.7284232,3.044656087,7.751471491,-10.21914367,-3.294219987,-0.386439588,-1.859501359,-11.69549991,-0.189945527,-1.868974759,-1.054265434,3.628396685,-1.97237382,0.00872964,1.841796702,81.01757087,34.97966728,27.9722279,21.93802657,19.53410072,19.26370467,14.76798392,16.52327741,12.09455022,12.56426157,11.48231974,12.08633328,11.59460299,12.11303839,12.82987061,12.47232693,11.53755748,11.11405513,10.81226274,12.09865004,1.964396048,-0.438497676,-0.278734292,-1.804622506,-0.134983015,0.716470429,-1.932013805,-1.87250142,0.737848569,-0.601450258,-0.573929111,0.157013363,0.328710703,-1.722693722,-0.555182272,0.184503793,5
58,42-MFCC.csv,-229.9746146,145.8924156,-26.28240616,35.21846412,1.182396939,-1.140952742,-5.079452237,13.16978929,-3.392527425,-3.415610547,-9.740481004,-6.605104872,-13.36265331,-6.230088171,-3.653279902,-1.392270103,0.608861883,-2.608814656,-3.340687426,2.349962144,79.66567086,35.29629482,22.62184044,16.91813999,14.96874158,12.78250667,13.96255697,11.59148178,12.83403222,13.30503962,12.91369224,12.27336652,10.21132311,11.34103307,12.14249965,12.12678006,10.77865984,12.1170547,13.44400381,13.45836145,2.311549315,-0.12929795,-0.260085136,-2.900187335,-1.600067173,-0.494481398,0.989654031,0.276898844,-1.328206,-0.303207673,1.727932405,-0.675235374,0.288551774,-0.836733327,0.489027542,-1.01448077,5
59,43-MFCC.csv,-215.0159633,131.0776854,-51.51304026,50.67217771,-1.950446109,5.795400276,-1.349273774,7.69221072,-9.557835221,-7.424835858,1.481493132,-9.04841148,-10.34078179,1.716434797,3.832294472,0.112479415,7.521022872,-0.129760311,-4.986765175,-8.993215375,77.91092154,33.55295289,28.16819088,20.86707134,19.35450503,15.87699033,14.824514,10.68659054,13.92505077,10.96930909,12.4214278,10.41301714,11.06457121,11.11557898,12.51024774,12.04948365,13.70046038,12.56219577,13.73171548,13.71809357,-2.037710965,-1.966116519,0.253045843,-0.430061236,-0.773754297,0.431692429,-0.351849067,-0.156302529,-0.776893794,-1.331051593,-1.17127357,0.07735318,-0.42281761,0.974452077,1.415717966,0.414413264,4
60,44-MFCC.csv,-186.0156061,114.6125668,-16.86310166,45.17317128,-19.26839016,24.89211217,-17.53215627,18.11779527,-5.914961251,8.409551813,1.69944205,4.581222093,6.526737571,-2.853680042,7.435715854,-3.441465381,7.676549339,-4.801751915,3.932493667,-3.729117735,116.6577277,36.63665502,37.23224951,24.21228907,29.21834789,18.67681515,19.99228181,13.87023643,14.00914564,10.08213779,10.82995604,9.254888025,8.544001896,8.69634243,8.151191885,7.80549232,7.49742688,8.118966917,7.187891603,9.230557934,-2.075910613,1.559626252,1.697066874,1.081345129,0.01695462,-0.978674535,0.325981722,1.187050221,-0.577325165,-1.264421131,-1.322486637,-0.420010883,-1.26947463,-0.372735851,-1.172303032,-0.243433661,1
61,45-MFCC.csv,-161.7589229,134.6558672,-13.36050769,38.62593257,-5.553115649,17.62816032,-6.203108931,12.302524,-4.656573231,2.037083831,-4.309213947,5.427887348,-3.64973087,-2.401979906,0.326359025,-1.864571676,2.290950122,-1.140353611,4.680663532,-2.154596812,133.0960915,32.31815905,29.72133856,17.60911878,17.09748506,10.90576956,11.20294563,13.53804804,10.18031495,11.36089526,8.608832286,9.035655484,7.279036791,8.146909385,7.052523603,6.417779629,8.136502887,7.562630155,7.823084371,7.504307289,-0.447301414,2.205168668,1.432532674,1.228724613,-0.718733481,-1.132965842,0.626858043,0.342689745,1.089549001,2.437540682,1.48282136,0.40680708,0.056374247,-0.018374133,0.411959693,0.6840312,1
62,46-MFCC.csv,-258.0944633,183.7558255,-64.22122674,23.27560432,17.30119834,-2.095352182,-2.201614129,-4.865383744,-4.218670284,-6.146022022,-7.862329258,-1.439274312,-2.993575128,-5.425938345,-5.834516494,-8.356239409,-5.741046875,-4.443906063,-3.204310909,-6.582368974,60.98208038,22.71391699,21.49283891,18.18338234,15.11923465,11.64805105,13.2269101,10.31417992,8.75317909,10.23500519,8.9102746,8.744585608,8.789912505,8.57848473,8.27566395,8.080327165,7.264212958,6.418708489,6.197247255,6.550275029,-1.800365368,-0.540618132,1.561671272,-0.083483039,-0.223743759,-0.173480767,-0.49852263,0.793021386,0.433676579,-0.880681668,-1.77878803,1.166410756,-1.30329968,0.328865971,0.67000081,-0.303008424,3
63,47-MFCC.csv,-167.5125036,154.0834433,-36.47251008,26.08649013,-19.71626249,4.008423387,5.675803126,-6.608024429,-5.19358169,2.834065141,-0.847335064,-1.224902508,-8.842667374,2.789530813,-4.088021927,0.685724754,5.180015079,7.660704211,5.883022667,7.958054605,64.78871634,28.29761917,26.08082826,22.26057668,18.4640063,11.07194912,15.59347347,14.64620097,12.47268118,10.51764587,10.71770867,8.927484965,10.28607455,10.21999093,9.485379589,8.73662014,11.88391626,10.7822905,10.72653791,11.62367343,-2.280306875,1.235288759,-0.002087612,-1.291283428,-1.198698777,0.225763812,0.168020606,0.664877302,0.065678962,0.356923064,-1.727571612,0.018041203,-0.606703054,0.127628788,1.352003955,-0.261642447,5
64,48-MFCC.csv,-222.2910844,141.2627949,-36.23332826,57.00271611,-0.778142181,14.33882023,0.158693416,-1.742429896,-2.522494241,2.400811433,-10.60503212,-0.625007467,-3.145248443,1.835580173,1.473361483,-3.307827056,-6.671176578,-3.402861675,-0.127535938,-3.516454011,65.16378043,27.97673819,26.56794302,20.56973484,24.13366098,18.07024316,21.34012153,14.09640554,13.84690547,12.49615689,10.71658725,10.91075253,10.65059604,12.48606275,10.21456516,10.48033718,10.08003566,9.101490799,8.936331184,9.391016993,-0.027629449,-1.579032266,-1.448923938,0.195432891,-0.402325364,0.710274095,-1.692996366,0.710627318,-1.268340798,0.042503832,-0.787509478,-0.183834041,0.562559009,0.590961216,0.948646028,-0.019402658,5
65,49-MFCC.csv,-200.7882807,127.4432968,-73.37617364,54.07914902,-6.960053527,5.742362726,-2.14984581,10.80893698,-10.37633726,-3.990455172,0.110963323,-3.70162401,-6.587401963,-1.994097675,-3.448412083,-3.883092893,3.146528567,-3.463244901,-0.386279597,-1.575465125,83.84223355,33.49716525,26.74175881,20.13696526,18.667828,15.98764552,14.83784863,12.06954348,12.55239292,12.01164696,12.75270328,9.835410758,10.79253424,10.02426894,11.25423623,10.58119464,11.11368461,11.04691145,11.58189654,11.85414718,0.989412916,-2.271624817,-0.017800445,1.305227104,-1.649054217,1.837028968,-0.133166931,-1.132618309,1.201143885,0.374200649,-0.96871722,0.24874174,0.589008657,0.37976431,0.195458425,-0.042304383,5
66,50-MFCC.csv,-273.5356054,207.9299944,-42.36699865,-27.85189818,33.04996073,6.367827239,-9.960850392,1.159399063,-8.713717385,-17.76753999,-14.44650709,-12.01291187,-6.850292015,-2.133173669,-8.339095832,-6.212306794,-0.682446391,-2.304451498,-7.724664155,-9.141425133,35.74039915,24.62033463,26.65297942,17.38052941,22.67614706,14.13761542,9.663596791,11.05977191,9.072207974,8.942035916,8.204903232,9.556846926,8.327568949,8.039306125,7.818988906,8.04348114,8.783130191,6.990962194,6.452091093,6.149664919,-2.627215494,2.788859758,0.288117092,-3.167609045,0.519989863,2.340140864,-1.072084527,0.211036877,-0.514798413,-1.734026082,1.953731011,1.621271247,0.954638643,-0.10970221,0.009205457,1.138072436,3
67,51-MFCC.csv,-225.4080426,177.4516705,-76.26178722,42.8928909,25.60499797,-20.6778815,9.122045669,-14.17074037,-4.323712169,-1.29916693,-16.49980023,-1.357685238,-9.399415583,-9.137149537,-1.84011359,-10.09292582,-4.283670705,-7.399606769,-9.466500944,-4.064941281,29.25414733,15.42417483,17.39130396,16.91880772,11.71279925,9.286825245,11.12967964,8.513811578,6.950646478,6.782253231,7.11483393,7.690063233,7.398301482,6.717959921,6.883451409,6.851217564,6.64006958,6.285103486,5.839106538,5.342660245,-1.73741133,-0.305699836,2.158005127,0.19656202,-1.591941519,-0.48064242,1.088362238,-0.41385806,1.447843515,-1.448379897,-2.03747836,-0.254987827,-0.091656854,-0.691526609,-0.050822023,0.747281549,3
68,52-MFCC.csv,-260.2903616,144.3545044,-71.43215223,22.98775619,-11.54284829,10.85936457,-13.46301094,9.09328752,-8.575722808,2.112885844,-3.61279044,-2.413322527,-2.833614475,-3.59406097,1.799365524,-2.046227745,3.995525381,-6.018072163,0.903447872,-1.504339081,83.9311355,30.86250312,21.07708144,19.15951274,18.20070958,13.58665821,14.55710097,11.22732036,10.4525904,12.71730966,9.464217399,8.804621256,9.050651933,9.050606316,9.498065961,10.12316127,10.39594378,10.08649144,9.989705998,9.953813993,1.623201051,-1.082944902,-0.260377343,0.969690723,0.510961051,0.573515046,0.052428429,-0.431096604,1.809721209,-0.830247417,0.849489976,-0.207068679,0.168950201,0.694266762,2.042186083,-0.061538081,2
69,53-MFCC.csv,-117.935657,124.2806425,-9.354644455,53.6543069,-12.82879743,34.41196562,-10.8746839,20.5958712,-6.974352483,7.94889201,-4.499313217,2.359625641,-8.477376242,-1.377359878,2.533365028,-1.888180171,5.540594961,-2.398758291,2.700842024,-3.063204803,79.96902056,30.48473005,26.84434294,20.00859169,17.09411507,13.98809997,13.90859144,12.76656813,11.29630843,11.34965278,9.693519368,8.773537128,9.359234181,8.286117606,8.558973122,8.323117431,9.171184207,9.101390798,8.981238959,9.807481281,-0.889811651,1.230352576,1.311651534,1.024941693,-0.054979593,2.547307647,-0.116754158,-1.246979236,0.138037665,-0.762767505,3.083427676,-1.838428072,1.267145799,-0.181196736,0.430109861,-0.932863334,1
70,54-MFCC.csv,-207.0001264,132.3819985,-46.562592,54.84106733,-3.044154017,13.06389917,-4.595807635,6.498147479,-3.241473357,-1.700127571,-4.818381774,-0.600490234,-1.624100336,-6.002673981,-2.341679145,-5.364914147,-3.95901843,-3.311356149,-0.877122069,-1.04094895,75.1967292,33.69489426,24.01118011,19.4823911,20.78061338,17.16740265,12.86697752,12.30381437,11.09471719,11.41012802,10.60064057,10.33783615,10.18038116,8.839045291,8.854168105,9.928759474,10.09703159,9.625033802,9.318071536,9.174461405,0.476312187,0.076945156,-1.466163888,-0.888917841,1.153352648,0.227884304,-1.048026342,-1.654067242,0.827102912,-1.016262051,0.385724121,-1.068609795,-1.538429696,-0.166408158,-0.780291592,0.144194268,2
71,55-MFCC.csv,-211.2488402,146.3528694,-22.08693018,42.04516596,-5.689632127,10.66422384,-6.35986874,7.529571397,-10.54004978,-3.387264174,-11.89217839,-4.072481881,1.595947671,-2.367483237,1.098192688,-3.835875997,-5.859136798,-3.405516212,-6.804467889,-8.984743277,73.63076626,33.70553478,20.67279095,15.89490419,16.69293819,14.34395263,11.77214493,12.85669883,13.39658105,10.6067377,8.676479011,9.143989077,9.565554162,10.1088155,9.63648743,9.360261366,8.714667301,8.449222909,7.662984492,7.948286956,1.633448391,1.259841527,-4.236355881,2.270862069,0.751675824,0.747409575,-0.504880636,-0.224124183,-0.286340669,-0.094946853,0.577887719,1.901537686,0.753421005,0.270408998,-1.288154431,0.958633006,2
72,56-MFCC.csv,-192.7110487,145.7297052,-53.89025473,36.65882968,11.45081539,5.245858068,-2.214282596,9.531784693,-0.70079077,0.003887788,3.371869417,-3.858367442,-5.704730085,-2.931784128,-7.53112416,0.523595927,2.264784592,-8.434583449,-1.697682388,-1.856371098,67.81111775,32.01431567,25.1207743,23.68297422,19.32676363,16.13673617,17.23320685,12.72514474,11.47079797,11.71270561,11.05263487,13.11784357,11.32279628,12.5941051,14.00230105,13.9840509,14.76148221,13.94806723,13.96759692,13.67728149,0.54944389,-1.610231641,0.653781641,-1.113720162,1.441327748,-0.212328876,0.410068575,-0.975865895,0.711152446,-0.896721656,-1.302937969,0.431020889,1.050109173,1.198399707,-0.554236988,-0.520642984,4
73,57-MFCC.csv,-188.1664688,141.4616561,-27.44263225,54.03874681,8.111544454,14.67322564,-5.1070867,2.66791118,6.989470577,0.155034424,-11.0299165,1.620237306,-4.625728741,-2.104609593,0.833383267,-3.014051057,-6.025481945,-1.275549805,3.211493386,-2.089258192,68.42696472,30.24570798,26.39692516,19.79287681,21.60674231,16.98077257,16.34633392,13.7497621,12.03477805,12.83439269,9.212201465,10.97917864,10.45679917,9.894304206,10.04369887,10.23431127,11.19718624,8.293661754,8.699311601,9.165524244,-0.785954673,-1.878570527,-1.555518858,0.096989702,0.573507208,0.111929234,-0.899828867,-0.773856588,-0.969827899,-1.551153206,-0.151862063,0.375965161,1.574204312,-0.346178781,0.781482191,-1.106839533,2
74,58-MFCC.csv,-193.2580496,133.9301425,-42.25955178,60.2266148,0.179377981,16.31214067,-7.755526215,8.292805892,0.847274601,0.692921656,-4.388449533,2.903124582,1.565010296,-2.57660102,2.976386447,-3.146469554,-9.247679043,0.119745762,-0.889852688,-7.761032405,80.86686672,34.09248819,24.04983324,19.84679296,18.5814096,16.41492885,10.83868327,12.3782133,11.02015874,10.62902532,9.248094182,9.992347267,10.72954365,10.38350167,10.25317863,9.805260608,9.778220064,8.60805686,8.267528689,9.294011836,0.737303242,0.215069908,-0.714689236,1.588361748,0.033353054,1.562303814,-0.615898144,-1.45711773,-2.975792162,1.575646855,0.134342187,-0.008091026,0.165085642,1.05401983,-0.391278622,0.26273257,2
75,59-MFCC.csv,-207.7850737,177.8591583,-93.96170465,46.38803853,2.751722125,-8.510290297,13.72942829,-15.61390427,1.404253801,-8.200426091,-6.401314603,-0.620259,-9.325834294,-0.61203034,-7.268178646,-6.455381472,-2.118326336,-7.70959729,-2.31689608,-3.685319048,57.31225527,18.89974924,22.70156053,18.69274602,14.68904099,10.37120001,10.8984236,10.15951417,9.44700506,8.319265465,8.235468535,8.865649146,8.613402912,7.38786157,7.802225816,7.836887644,7.491349938,6.758954447,6.815504002,7.698642348,-2.66385584,-0.207333652,1.041464838,1.323660256,-0.733036338,-0.031710966,0.47899349,-0.190235112,0.208211165,-0.252927512,-0.7576784,0.760495578,-0.084658965,-0.176294882,0.669184504,-0.019191621,3
76,60-MFCC.csv,-149.5379546,166.5227701,-84.65978933,48.75531607,-2.264491517,-7.145421525,16.1359014,-7.720568151,5.573859223,-1.606551359,-4.660700787,3.909116871,-6.987556205,-2.008007064,0.049557681,-5.083867458,2.510484679,0.083009871,2.326322342,2.236047281,68.65429584,31.41038362,23.08549096,21.27501254,18.12852662,10.34278674,14.66675314,11.49700438,9.146209754,9.435710233,8.029073235,8.927289175,8.603993169,7.955634495,8.848516587,10.23516054,10.27828835,10.23965285,10.25852066,10.49342702,0.297110938,-6.21233356,1.768230192,0.917338255,0.310795069,-0.023868141,-0.463222467,-0.333098152,2.299000633,-0.823866105,-1.60925932,0.736909667,2.839621358,1.428368238,0.473482887,-0.651945083,2
77,61-MFCC.csv,-202.5005223,152.7082486,26.27036565,16.24797871,0.180138019,25.91022592,-4.98988771,-0.988933126,2.852409609,4.755291427,-5.054065992,3.234569884,-6.781112802,0.395709991,-2.536810698,-3.935360797,-7.822349979,-4.476022538,-6.27889929,0.785624045,65.93838575,41.04350049,17.09266178,15.68052595,12.40858655,13.75656518,10.09015288,9.994201796,9.548783865,10.02029567,8.728843781,8.64092309,7.499803359,6.575456038,6.330829998,6.749060066,6.975947156,7.206214899,7.679607576,6.948981816,-1.452981842,1.033593545,-1.547890563,-0.982041692,0.020199783,-0.615456187,0.353504745,-0.156314785,-1.302199469,-0.729263807,-0.341838789,-0.586302452,0.420611211,0.470365985,-0.451824422,-0.795240214,2
78,62-MFCC.csv,-222.414939,137.5885276,-32.72448409,41.62988076,2.795214279,12.12819415,-1.488813315,16.10955755,-1.39177016,3.75244662,-0.797169849,-2.092589803,-4.429423091,-4.367171901,-4.178788273,-2.660205282,0.461149998,-0.808996841,0.116273235,4.479738392,83.13797782,35.67469203,27.23892242,22.99351882,19.83981065,14.34365601,15.19247555,12.54501078,14.20976609,12.61317811,12.31526352,10.98551235,11.80647166,11.06104885,11.62382599,12.98319237,12.48196835,11.73045213,12.36968965,15.46349975,1.876316209,-1.037208451,-0.25004579,-0.592568555,2.670139897,-0.518967652,2.879929323,-0.143036943,0.019430177,1.107982778,-1.68174124,0.716236373,1.730755478,0.872324568,-0.213208252,0.187703896,5
79,63-MFCC.csv,-260.3187687,205.5868349,-36.75884763,7.99296094,24.71849876,-5.342425278,-3.623997157,-9.291393328,-7.440636705,-3.579008985,-10.08340908,-9.458728238,-7.230648758,-7.653881105,-7.026967562,-8.475998725,-8.343248414,-7.065340926,-6.612974081,-7.503882229,48.37889009,21.80336215,26.22804738,16.73534472,12.06321616,10.08154984,9.675081034,8.048546017,7.055734276,7.426487168,6.824273782,7.416132576,7.809789099,6.871984516,6.487717871,6.705551951,6.308397049,5.943706923,6.305688837,6.347232161,0.327774265,0.522727291,2.067492206,-0.843357034,1.892867205,-0.999421725,0.327464879,2.163021788,0.059189606,0.065070645,-0.255137384,-0.84877256,0.330227375,-0.316769078,-0.63477774,-0.794411836,3
80,64-MFCC.csv,-239.5906894,132.9858518,-57.24632033,46.85552678,-3.550743607,2.787013918,-9.416449693,12.12269249,-13.30262157,2.004406654,-1.00335248,-8.170553096,-5.716601436,-8.247559127,-4.009922315,-10.63815255,5.294599388,-1.793022821,5.81601333,5.700394211,79.05731682,29.24470428,21.04506425,15.85164977,15.19971822,10.48507451,12.69545548,13.2956862,11.66661623,10.93338926,9.430947962,8.389911495,8.458570361,8.397395789,7.946064081,8.570561793,9.72178525,9.529282866,10.22852021,11.81540713,-1.411358136,-2.153350768,0.014169034,0.20345275,-1.648482545,-1.066785136,1.081226604,-1.772218504,-1.226930466,-0.475306283,1.751400065,-0.129613776,-1.08207604,0.004188641,1.638723436,1.884004017,2
81,65-MFCC.csv,-244.6808807,127.9646451,-54.08551188,45.96659361,8.596004963,8.552345095,-13.15861028,6.360413229,-2.305215949,-3.225627902,-6.828343388,-0.972208291,-0.28969729,-3.936686693,1.061708263,-10.00361397,-5.551710768,0.212162184,-3.063251573,-8.677887102,81.70700674,32.85416844,29.99561583,21.41844859,24.0520897,17.75169803,12.89888716,13.1770273,11.70815615,10.30286114,10.03325339,10.52145693,10.85806165,9.654725736,10.471154,11.38809828,11.86476504,8.690198877,8.771358691,10.35978854,1.940342145,0.471957072,-4.051533796,1.752662167,0.487413265,-0.410589996,0.606817197,-0.460036932,-1.034601656,0.295891882,-1.213231753,0.746250475,0.499142019,-0.134696263,-0.035872429,-1.542751736,2
82,66-MFCC.csv,-263.8328157,206.5725589,-54.34601067,-12.85474101,28.84704452,-11.91492364,-1.590349595,3.623085517,-10.98637212,-4.666529899,-3.623337702,-6.604605159,-4.860418844,-6.175991991,-5.196986199,-6.37789888,-8.292452656,-5.976831396,-7.96270908,-9.348535588,82.83155796,49.19648947,36.8275386,24.22990649,15.75005922,16.70453012,9.386558516,10.37094076,9.949208331,8.658682209,7.793129875,7.55007476,8.29441003,8.172875656,9.252314416,7.77457554,7.295790803,7.336855653,7.280001573,7.055296054,-1.22228563,-0.744375879,-1.727895826,-1.6769135,0.405284333,-1.164019785,-2.24125951,-0.082708529,-1.041856018,0.286259593,0.640020206,1.008805586,-1.341316112,0.063035263,0.296634941,-0.433644393,3
83,67-MFCC.csv,-301.2554465,185.067649,-30.24959969,-8.417612004,11.4863616,-6.14087244,-15.1987055,-7.090369557,-8.688259152,-8.567794483,-14.82351575,-5.244334225,-4.636238184,-6.741830025,-6.953329528,-5.189945481,-6.150288297,-5.900963475,-8.201389311,-8.30440513,65.81652393,34.25722394,30.07663136,20.46803554,19.12837855,17.3547842,11.61999586,11.64697082,10.89135594,10.51160879,8.809481841,7.942746349,9.065053887,7.647509707,7.457486164,8.157884495,7.947921144,5.950398616,5.826882732,6.48438445,-4.677778092,1.909677438,-0.331951869,-1.848743173,0.442838455,-0.292583806,-2.241556297,1.294899109,1.449410812,2.4371688,0.292352607,-0.993155267,0.023332644,0.463825144,-1.589302092,0.705184604,3
84,68-MFCC.csv,-221.2811297,138.5185905,-44.23813594,51.26200743,-4.45437826,13.54728549,-4.257959618,10.23339283,-5.649112451,-2.631186319,-1.632517307,1.444017529,-3.149026676,-2.633809664,-2.425158042,-6.405666438,-5.010985063,-2.652073328,-3.384620757,-4.046016807,89.66284266,31.70146887,26.34617119,20.1036284,20.72963048,15.47447459,13.90683244,9.939103826,11.04500382,10.96161619,9.632168116,8.900737203,9.241690724,8.295786426,9.139062824,10.00308577,9.653381133,9.359866421,9.31976845,9.920599601,2.241336295,-0.19864823,-3.106204301,-0.623482053,1.411164946,-0.936211261,-0.130553657,-0.50904077,-0.467777493,-0.561265275,0.062148067,-0.23410891,-1.201734313,0.600368794,-0.766442499,-0.213828742,2
85,69-MFCC.csv,-137.0007974,106.0153356,-5.188291968,62.18632848,-21.7243514,36.89002678,-12.17879379,18.54054725,-12.43789582,10.27749046,-9.048687371,5.822618883,-5.035235894,0.909646143,3.721645398,-2.723462937,6.959833986,-3.080752875,9.387486763,-6.425328232,85.59230516,25.0771667,20.73402111,17.73512515,16.92376341,13.88519593,11.63491073,12.01722871,9.260241705,10.05896287,8.713050935,9.887426036,7.620303351,7.867123494,8.471790791,8.880723551,9.37139413,8.839561966,9.28758232,9.196892834,-2.137114294,-0.00029922,0.40490811,1.340629709,-1.917300211,2.035483147,-0.516944634,-1.190588795,0.883213605,1.118175894,0.893355138,-0.439992465,0.522359495,0.506165075,1.066193782,1.383129862,1
86,70-MFCC.csv,-264.318414,126.8068288,-56.7996074,39.95044004,2.583189287,13.52502724,-0.700161163,11.21898529,-8.31052609,1.480407129,-3.557219498,-4.769600266,-6.386008839,-5.69189715,0.075846925,-1.245119608,4.546163505,-2.333128302,10.0778917,3.306145107,80.62712728,30.73374753,25.85154018,22.83086067,16.93572594,14.414915,13.50130766,12.05205712,11.92256045,12.91809234,10.55182225,9.773769232,10.94298887,11.32509502,10.60521024,9.889203151,11.86739347,11.22936073,11.06462531,11.53572828,-2.044543918,0.69634105,0.901173956,-0.753359569,-1.132419217,0.087688532,-0.21245703,-0.942006096,-0.455844697,-0.669841124,-0.359364835,0.141894334,-0.159559547,-1.162001392,-0.35604768,0.105587495,5
87,71-MFCC.csv,-210.8700314,182.3280449,-53.27991363,29.52198309,5.459629394,-14.38960886,4.410930421,-1.740230294,-13.11541409,5.888017431,-7.479677699,-10.45002632,2.245246978,-3.4521259,-1.930311974,-6.825926227,-0.462308285,-3.562651648,-2.8947618,-1.478166162,52.37318393,20.95085373,23.90674013,17.06029824,15.75825322,15.70051379,13.54083499,10.08710566,9.38331363,9.62831184,9.603133483,8.170783627,8.149424009,9.712123861,10.68584099,9.650115004,10.47499033,9.648689288,9.300135983,8.896975539,-0.565650198,1.130516662,-0.2187894,-1.456636888,-0.748580645,-0.421148812,1.802875075,0.842420355,0.788760806,-0.944689287,-1.729089179,-0.678974997,-0.453716553,-0.247892635,-0.889834516,-0.118240675,3
88,72-MFCC.csv,-191.9558234,122.9718614,-43.31418638,47.8744163,4.422843654,7.128674036,-8.624582852,17.19769541,-12.72304637,-4.522857243,-0.006598852,-6.761017349,-4.863012073,-3.195350132,0.771716492,-0.389959752,3.719205604,-0.222721688,2.238158355,6.771069841,82.15233104,34.40458297,25.17985296,21.24108454,20.44092708,12.82363748,15.80416457,15.32206952,13.21726897,12.75611715,12.80008453,11.76057718,12.71829421,13.340111,13.6690031,11.5251869,12.99649118,12.65562762,14.7171832,14.29814531,3.368081869,-0.503747169,1.072350247,0.511565999,-0.487367251,0.842212358,1.81476036,-0.641795624,-3.969989401,0.537637604,0.332834035,0.944984494,-1.614126738,-1.77854146,0.944982594,-1.665162851,4
89,73-MFCC.csv,-260.5649003,119.765667,-71.73171666,38.86450782,-10.48179596,2.907379593,-14.20253437,12.85108574,-16.46757562,1.563667991,1.645940644,-11.31052772,-3.31978253,-6.41712511,-3.003987536,-3.521851238,7.638002073,0.086641624,2.157157456,3.418175455,90.1540139,32.27391914,25.12478676,20.37958739,17.8200802,12.29326263,16.31489527,14.93287811,15.74891119,12.00261144,10.65449668,10.13867575,8.89365151,9.246493947,10.43659904,12.79701681,10.08189367,10.13973011,10.34477638,11.37992588,-0.817151329,0.464940723,-0.480340668,1.3322092,-0.960664513,0.623854811,-0.713153703,0.048100819,-0.485977275,0.189595395,-1.535443358,-0.221188095,-1.285417329,0.738316346,0.264037521,-0.29806461,5
90,74-MFCC.csv,-257.0204505,117.4438783,-37.7662401,30.87865314,-10.83255376,17.56398945,-22.0214371,14.60844614,-11.78501622,9.331808248,-8.864385797,5.808604916,-6.466662161,-0.873936777,0.615362571,-4.627528391,3.992918779,-7.799209525,5.650150348,-3.310041218,109.1550196,33.90852768,26.33037332,30.27367725,20.41680249,21.64301544,15.24809066,12.51512526,11.7350957,9.985922055,10.26685928,10.30963346,9.227850829,9.113428693,7.884871744,7.742072437,7.721207327,7.99783749,7.519848371,7.022054359,-2.228401631,1.63960271,0.022887252,2.38204438,-0.597557194,-0.764591942,-0.642006538,-0.775247649,1.290192732,-0.632893319,-1.199536774,1.092995296,-0.588080458,-0.306368632,0.294335028,-0.074404255,1
91,75-MFCC.csv,-291.4241547,141.2635605,-4.057863279,42.88562495,-18.98114816,20.24998088,-9.772107993,5.222421123,-14.91710894,-7.704278433,-19.12293884,8.204258071,-6.550709627,-11.74220194,-12.201264,-6.46485037,-0.640298713,-9.42826628,-10.044491,-8.724900086,94.350996,35.70784016,19.69608249,15.65393877,14.84789158,13.99501177,13.08045419,13.81905259,10.45776249,13.0996734,8.783175646,12.50634461,8.952776172,8.607822845,9.012714416,8.646447188,9.120217822,11.50099632,9.009176633,8.656590849,-2.68592976,-1.663354646,-1.055465562,0.362016961,-0.089792059,1.329602831,0.844550131,0.698320558,-1.283355406,-0.105081327,0.637789822,0.323037598,-0.431775625,0.749901524,0.328583492,-0.449570931,2
92,76-MFCC.csv,-203.0648786,146.2193929,-59.79085781,44.73738024,-2.504979955,3.306465622,0.046855564,14.14170395,-10.76850739,-2.779094729,3.624996872,-2.301917304,-1.939082056,-6.753518167,-2.98750955,-6.119058216,-4.424368561,2.004794429,-1.310998108,-2.56039093,64.46875754,28.81608082,24.22156814,18.64589963,18.08973434,14.8089469,14.29975844,11.34813845,13.35514475,13.82817016,14.10561767,11.68709043,11.75612339,9.848628209,10.56107738,10.20702703,8.455546126,9.71996007,10.87184289,10.87787392,-2.493334924,-1.660655052,-0.531432551,1.886156515,-0.091653296,-1.066889376,0.178471462,0.049093293,0.596556898,-0.437034567,-0.188457786,0.451238554,0.619512762,0.015206919,-0.241582576,0.469282736,5
93,77-MFCC.csv,-205.4613669,131.4148846,-53.88419529,47.401629,5.220404809,4.008537924,-2.887903312,12.88901737,-13.02507685,-2.080936582,5.433709621,-5.820858082,-5.532342882,1.497984872,1.342978892,-0.705184817,1.456368135,-1.908185855,-2.223317371,-2.805419729,72.70683143,34.77753733,26.52363859,20.42936208,20.0099836,16.55771568,16.23674631,13.34368031,12.36095534,10.333986,13.33072938,10.8502272,12.52519022,10.57126156,10.87388214,11.93215086,12.78970845,13.8277901,14.41515919,13.73170194,4.672567496,0.245809011,-1.522495955,-0.42967233,-0.293499112,0.382347028,-1.377496955,0.579733804,1.047371357,-0.624936585,0.179052096,-2.756478777,-0.469694481,-0.87038404,1.507479526,0.209241342,5
94,78-MFCC.csv,-179.3201778,141.3554877,-46.20382699,56.04461687,-7.445061115,22.35487076,-0.803177923,7.539365269,7.926158958,4.736201568,4.485948064,3.608434413,0.886631435,0.496311685,4.288957371,1.661177809,5.182674763,1.131813756,7.736291009,1.032583467,87.66295984,28.13684687,31.52103893,16.9029212,15.42012894,12.17124128,13.91715219,11.25040724,11.44570048,10.39707417,9.31357636,9.316323185,7.786071138,7.902130269,7.569527115,7.632681552,7.999750668,7.919454778,8.13390094,8.331003374,-2.155328424,-1.202967567,1.320748493,0.611118919,-0.893906499,0.341305987,-1.209461045,-0.144119463,0.138597592,0.261487582,3.06722259,-0.598260314,-0.190643243,-0.781509556,1.138023686,-1.727673235,1
95,79-MFCC.csv,-240.92029,126.4188266,-68.71882764,64.43801395,-4.699667081,1.77586581,8.349485269,2.808521557,2.514820898,-6.786759889,2.451843189,1.617920653,-7.275156868,3.770961842,6.410427237,5.233156889,3.851207128,1.782482831,8.198417282,-1.367306972,86.099795,33.09185218,27.93970585,22.99744682,20.58181892,13.25526242,16.48439342,12.28241498,11.503496,11.31355055,10.95200037,11.27344931,12.08627903,12.38071169,15.38839892,15.35855442,13.00021752,11.60806352,12.27678771,13.88345152,-0.422103771,-0.992724769,2.100003394,-0.952079077,-0.444852628,0.006123478,1.407638941,-0.542388314,0.008707423,-1.292455729,-0.667106694,-0.16008649,-1.15756597,-0.185515825,-0.777783912,0.524632706,4
96,80-MFCC.csv,-193.6960328,199.7535032,-65.11294264,20.55030403,32.57846994,-13.25715553,11.31014409,2.141959965,-7.780931655,-0.235114363,-7.295976376,-2.164543218,-3.918758863,-4.635287213,2.059764317,-1.400720038,-3.503409988,-2.330711193,-2.42151009,-3.079959957,57.3341869,26.3794757,30.89320479,17.9825401,12.78995099,13.14048735,9.928948145,9.515195654,8.63402367,8.188677979,9.44469204,9.581998102,10.62679508,10.02876354,10.94640209,9.203117663,9.209368037,9.391549309,9.093491094,8.630679217,1.943294671,-4.085039702,0.704224169,-2.436456384,4.382243564,-1.684745032,-0.806813977,1.883502756,0.282774549,1.798168449,1.397171153,0.318414027,-1.014319015,-2.058855128,-0.032829991,0.619131293,3
97,81-MFCC.csv,-161.6408036,144.4012385,-30.39533943,30.28473444,17.97703393,27.19593237,-17.94240753,2.062636103,-1.009552437,3.641870381,-17.93286612,-0.728717582,6.458162414,-1.677511317,-8.008444916,2.53077045,3.276211493,-6.341204862,-2.722928212,2.712648215,72.18908065,31.05378207,19.26292038,12.23090469,19.8787105,16.54492069,14.79419547,12.94670335,11.2766994,9.555692884,11.14485997,11.2668291,15.32544495,8.665461367,7.607031828,8.31222425,8.188825749,8.520305645,7.193391915,7.774053511,-2.960594652,-1.804291993,-0.074360227,0.70119048,-0.375785739,0.229617072,0.351321976,1.081976816,-0.4013794,1.413609119,-0.131463454,-0.580206663,0.330245788,0.138589211,0.096394323,0.678060293,2
98,82-MFCC.csv,-246.4421002,187.0685082,-72.79091279,7.749671173,33.76702109,-17.72077614,0.993630478,1.869155711,-12.62307176,-4.45688358,-7.56005333,-5.326964159,-3.440739603,-7.241896413,-4.455968939,-5.838345985,-6.506259562,-5.125738648,-2.740024678,-1.473922879,70.3899146,29.60906407,40.14969521,22.84763756,13.61088061,17.72180822,12.25592368,9.782888082,8.993978104,9.682281248,8.874227742,9.37444012,9.043520257,8.24710389,9.754017965,9.042669438,8.743474494,8.376642025,8.708974344,9.395644257,1.629389125,0.032256966,0.205320803,-1.066223174,0.298064927,-2.553378138,-0.39150549,2.203381067,1.286005669,-1.000515744,0.352488399,0.455800348,-0.327643044,-0.280443198,-0.779091104,-0.839942223,3
99,83-MFCC.csv,-279.3626513,197.7729267,-37.2988639,7.477930508,47.96851672,-3.621201548,-12.00456571,2.440281703,-7.920826949,-9.450192427,-3.286963338,-3.757549615,-6.801566604,-5.983606732,-6.36002471,-6.204991491,-8.34087891,-4.397542939,-3.612452661,-7.790782862,48.45535442,31.23246732,19.76646575,15.51394826,21.74547097,12.67645874,11.43864014,11.27921692,9.229027066,9.46855725,10.41583112,9.978625784,9.502486502,9.011029067,7.721284875,7.696637271,7.961160721,7.656532124,6.871820233,8.29960547,-1.301565478,2.890981971,0.444134727,-2.774425057,0.646031037,2.551036448,-3.476784719,-1.447871365,1.158801481,-2.352370175,0.550347898,0.90782749,1.318504939,-1.740556108,-0.45709082,-0.131936647,3
100,84-MFCC.csv,-237.880121,203.8066837,-74.85299577,24.09050458,30.59169745,-22.64782813,-0.718799694,-8.383339526,-9.671848635,-5.20557842,-14.63110083,-7.537936555,-7.578149987,-10.79508014,-6.358147712,-9.746179013,-8.464950565,-3.822125942,-6.610199956,-7.960796641,35.40444926,16.75917946,21.95131876,16.22866218,13.48753997,9.451482935,10.80509882,9.162898782,9.045876402,8.751350092,8.385084521,8.739413195,8.170350181,7.487362583,7.402773066,8.139190745,7.117429439,6.333424533,6.949944841,7.399648064,-0.513084774,0.511805825,0.06639272,2.042741364,0.284483173,0.075177852,1.178756579,0.639993424,1.378197123,-0.407310279,-0.943466029,0.452070711,-0.725594724,-0.496263379,-1.294978513,0.45834999,3
101,85-MFCC.csv,-200.6440126,120.8340535,-58.14453814,56.00490583,-4.211780411,8.516510173,-10.62243153,7.821532856,-2.818482448,-4.552678004,-1.731543352,-4.777901272,-4.827669789,0.024469753,-4.346838759,-5.182368588,6.201337896,-3.555924196,1.410168283,6.325120789,69.17920362,30.84693733,21.58544581,21.77004928,23.3737826,15.78678425,16.61407211,11.39633175,11.15179806,11.5402832,10.68319633,10.37539582,11.93574752,11.09188384,11.45108783,13.94147075,14.1493349,14.64474938,12.97683698,14.48800516,-0.025739948,-2.502896642,-1.214366713,-0.908003686,-1.65596475,0.243297481,-0.163243397,-2.40247947,-0.177102028,0.0286346,-1.113487113,-1.625417071,0.328546665,0.496170682,-0.573348592,-0.030824358,5
102,86-MFCC.csv,-106.7344104,137.2805746,-23.79246574,40.38530866,-21.11085187,21.40677542,-10.60172301,9.836773413,-7.100456326,3.197677656,-2.631567817,2.516431826,-0.88304105,-0.772394677,1.23127256,-2.587871137,1.968205185,-1.155421179,1.320747425,-2.305474584,76.43776991,28.43590326,30.81919218,23.72156634,16.03993569,15.29653528,13.2900232,13.12698875,11.55142934,10.56955969,9.022072495,9.057265577,8.949722481,8.396523192,8.226809216,7.490410894,7.653375967,7.299697753,7.189217711,6.816806677,-3.502831282,1.782784008,-0.100329449,1.114722085,-1.336450004,0.637374868,0.175754942,-0.944809435,-0.010749918,0.075292937,0.420795818,-0.041797244,-0.246326363,0.102105486,0.484049862,-0.231666153,1
103,87-MFCC.csv,-215.1783154,125.6169573,-14.46386489,37.95793346,-12.55461547,19.03206843,-20.40972509,21.19075515,-7.093002715,4.199297775,3.123366381,7.692238104,-14.13155928,2.735632712,-8.108873363,-5.811838127,-2.105189937,-2.315753283,-6.030785666,-0.548712661,97.2883081,31.20096115,23.12429916,14.47868792,19.09980775,10.43939631,18.54232251,13.72298925,11.29838625,10.29906992,10.15974762,13.42216725,8.577293672,8.388026251,7.695811861,8.545718512,9.085738161,9.507835512,9.427383652,8.299296006,-2.79697769,0.923433977,-0.956095577,2.494000401,0.111299974,-0.315504211,-0.587153101,0.270598528,-2.820645418,0.100294037,-0.960224774,0.037785221,-0.924871193,-1.636310979,0.94794544,-0.211282809,2
104,88-MFCC.csv,-210.8320517,127.3767276,-31.1330377,38.87615907,-3.978887733,14.18156197,-8.187807732,4.352301076,-10.57137369,-0.956431531,-9.004042401,-0.670942029,-2.876189793,-2.747152687,0.489203488,-3.937522128,-5.973748735,1.243573756,1.014871496,-8.373688574,77.61227848,41.58448553,20.80506636,16.84388483,18.85007052,19.70044588,13.52241037,12.49889882,12.66578336,13.36272397,9.872120507,10.6460899,10.05918036,10.87736396,9.727984825,8.861921387,10.32354677,9.179039205,8.894062015,9.329554157,-0.571379133,0.55920051,-1.552139965,-0.277643837,0.670340042,-0.30503166,0.78248125,-0.50149815,-0.220779174,-0.626192524,-0.34833845,-1.083532151,-0.605302809,0.315838548,-0.514418772,-1.1417928,2
105,89-MFCC.csv,-151.5709203,139.7291435,-57.05751907,40.32393593,-6.846025131,4.170036799,-2.21417547,11.97210091,-16.04442232,-0.610432925,1.596006888,-3.814154833,0.32117412,-2.687238267,-1.483285923,-4.267370185,-2.847835827,-4.908137422,-2.597568964,-0.557853238,68.90357875,30.82022017,26.11961066,18.50868339,18.07141761,13.86926917,14.01385687,11.52479031,12.86321159,15.55208319,12.09990298,11.1219474,10.07153266,9.815991431,9.541183276,10.61843647,8.814969376,9.660926805,11.15573887,10.61213096,-2.500515938,-0.153669472,-0.555017727,0.229143929,-0.324475581,-0.535840101,1.862555811,-0.16591943,-0.800391693,-0.184163714,-0.32368611,-0.221161055,-0.358410938,0.053273364,0.59188015,0.391137105,5
106,90-MFCC.csv,-215.7225607,161.7296934,-4.233164168,36.56834186,0.47862155,28.58913939,-17.46313828,9.042548699,7.201387546,-12.9708794,-12.35630665,8.33521239,-5.571556347,-4.567375549,1.123428799,-4.709876687,-3.087229441,-0.488002557,0.412201436,-2.51518691,77.67096434,31.73643625,19.39478323,13.88900726,12.50230341,15.1347048,14.29339747,9.451634688,11.91723713,12.81345487,10.60444759,9.118268548,7.245906158,8.274696249,7.358436935,8.507145819,7.171448061,9.01427614,6.536607775,7.147933253,-3.591227153,-3.82625733,2.2251487,1.036311625,0.554494038,-0.309323007,-1.253118093,0.676805932,1.842077807,-0.135350787,-0.375837002,0.81467642,1.248345669,-0.982196648,-0.121668943,-0.726800626,2
107,91-MFCC.csv,-200.2084538,127.5901342,-43.82821924,48.22269106,0.112286487,2.329214629,1.431157283,9.780362729,-10.34337814,0.911816196,0.245612753,-4.978483334,-4.73048387,-4.090100948,-4.186520353,-2.715333919,1.452582462,-5.188293419,4.02685326,2.142925404,68.34608385,31.49624923,23.88169388,21.49402409,18.8941557,14.09252695,15.12343945,12.44539017,10.81686294,11.08385424,11.39109207,9.60976805,9.998854401,10.44194187,12.07882978,12.53061742,13.79379396,16.22994848,15.36378731,14.25868706,0.565015402,-1.690503917,-0.924648103,-1.528731894,0.638994554,-0.532876263,0.630097927,-0.824947216,-0.337096234,0.71977953,-0.827915144,-1.698344767,-0.321207632,-0.657179227,-0.970269667,0.163818032,5
108,92-MFCC.csv,-203.1806028,150.2992678,-66.86835845,26.39001754,-2.361670655,-2.414956833,-10.96848583,12.474022,-2.522071736,-8.641438424,-0.951883218,-7.326022241,-0.760713091,-4.411129757,-1.448389895,-5.467108236,-16.12584422,2.621733722,3.525620487,-9.751047133,69.87973773,28.29203929,25.56978692,18.41015215,17.50871695,15.52563721,13.25120892,13.52523468,10.71283759,10.35795698,9.350507218,8.590342602,8.310733354,8.071388149,8.244129598,7.988866529,10.06909088,7.23503343,8.230089147,8.744738178,-3.078117596,-4.021402752,0.703568407,1.288006135,-0.520745124,-0.147625838,-1.539469853,-0.543354797,1.461324881,-0.96940705,-1.190579402,1.821265724,-0.819253332,0.294077242,0.60700976,0.452552715,2
109,93-MFCC.csv,-271.899527,181.8350159,-47.27804769,36.22247992,10.94094657,-15.52473269,6.817844968,-11.21843602,-4.073232244,-5.48076455,-11.6005304,-3.625000816,-9.003569785,-9.706371919,-7.535380101,-11.51281171,-9.411160152,-5.614646919,-6.122559108,-5.539266429,73.19901523,23.89147585,39.21491242,25.1759429,15.16656908,12.21144162,12.58748503,12.22708709,9.761352366,10.24110663,9.227041774,9.816856843,8.486190555,7.960819704,8.643295796,7.305179695,6.976565601,6.531843409,6.271175095,6.967965754,0.594191767,0.033299735,0.841194578,0.672517776,-0.797913453,-0.35317399,0.769104558,-0.319000562,0.032488447,-0.555572359,-0.927425805,0.318256852,-0.598074416,1.369564714,0.008549087,0.331585507,3
110,94-MFCC.csv,-262.2085797,141.3229356,-36.32061085,29.15257125,12.39883579,0.937734324,-0.50636815,4.491132304,-1.638254933,-3.322531901,-1.378591999,-2.956898081,-12.87947278,-6.842454954,-3.554358917,-5.407581996,0.321632766,-4.623321899,1.76180774,5.644737915,64.22844356,29.05754545,26.69078491,19.65820896,16.99985675,13.11258744,14.2202133,9.564958414,9.218431805,11.7386919,11.36290686,10.32596419,9.891442704,11.44574439,12.23534424,9.906285376,9.715215161,10.5146023,11.73106236,11.42112137,-0.727401395,0.157816816,1.036179448,-3.311233499,0.336487579,-2.111794452,2.137083684,-0.789000559,-0.697269019,0.236198021,-0.161905488,-0.070588356,0.68834156,-1.229313429,1.09387206,1.759599171,5
111,95-MFCC.csv,-177.5405388,124.5112609,-16.63004278,29.02294141,-0.3374991,19.72617635,-7.623674027,19.14592387,-14.32129971,5.189547688,-7.316725653,2.667932381,-13.91218048,-0.462541639,-4.606019032,-7.019349883,-1.939375312,-4.143779397,-4.202099577,-1.596001047,81.65368855,31.58139733,19.71683178,15.24798805,17.18796708,11.54600159,17.55182387,15.19007264,10.69000257,10.77643451,9.613441301,9.849769258,8.770067807,7.864538579,8.2219692,10.24790251,9.417117352,10.50809987,12.74318148,14.84610475,0.162220397,-0.141820113,-1.42318751,2.338968034,1.535999459,0.070728466,1.855717624,2.64742499,1.635003099,1.13466152,-0.135523286,-0.40587711,2.25050762,0.061507458,0.220765856,-0.251848958,2
112,96-MFCC.csv,-266.5178955,205.5430391,-48.38911185,-21.68613832,26.60077199,-12.77185873,-15.68461443,-1.173555472,-7.808486556,-8.141106129,-5.076098942,-6.172848073,-6.419298351,-6.330586755,-6.02020897,-5.474032566,-5.39609331,-5.528251936,-5.912528724,-6.491876933,46.78075068,22.95215622,31.06255148,13.91975165,12.90989584,11.88241818,8.852830441,8.346051599,7.691149055,7.863861232,8.047187433,7.723416073,7.934843413,7.85045734,7.958410513,8.153254139,8.758121085,9.454118712,8.56577628,7.362497878,0.952494541,1.981078665,-0.794705174,-1.431291895,-0.135471226,1.000221561,0.103446262,1.844835131,1.044323011,0.294716926,0.249823278,-0.754012194,-0.773508691,0.448376753,-0.687930602,-0.414451682,3
113,97-MFCC.csv,-251.2738873,219.7621987,-54.47852619,-18.40154487,21.39916983,-7.066952257,-8.451086939,-1.34836509,-9.183407312,-9.39813703,-10.72022142,-8.81475045,-4.920807532,-8.81246232,-10.79261716,-10.1220096,-8.138245216,-4.95998011,-5.017649538,-7.614212417,37.47404228,16.22499789,21.4667649,12.47059727,17.56231441,9.880811557,9.86519701,8.796882784,8.075426676,8.770334569,7.515641673,9.105164565,8.292217429,7.177493157,7.047213282,7.186506607,7.650810559,7.260441935,6.851348456,6.851974587,-0.319908979,2.316380429,-1.319089951,-1.233600047,0.129586345,0.158275245,0.295552677,0.922221017,-0.256172347,-0.073784555,-0.786780636,1.87725224,0.696092867,-0.656663212,-0.336048591,-0.555755289,3
114,98-MFCC.csv,-142.8523116,143.3129971,-2.86138003,79.22003979,-30.22189371,36.40183331,0.569701877,9.820816621,-2.744963072,0.666454793,7.614937677,-9.141186282,11.85183422,-14.11274857,10.10546389,-7.516578036,1.961490804,1.257109121,-5.696105353,7.963775671,70.56123463,25.32998949,29.89806031,23.57187766,16.85319127,13.84918157,12.40047008,9.662290549,7.604696466,9.939162736,9.012994378,8.21848784,10.07775887,7.977181168,7.308200568,6.644256632,7.052425024,7.774414423,7.23020798,7.568554991,-1.064598677,1.080306127,1.238134873,3.261529458,-0.289180355,0.855895517,0.888576541,-2.385891995,2.118897463,0.778584927,1.07827893,-0.527962527,0.015208603,0.114351544,2.134077564,-0.984116058,1
115,99-MFCC.csv,-191.5365357,116.3057425,-60.05821762,55.87953391,-3.542133622,8.058239358,7.020823458,-0.995505988,-15.45091812,2.490685526,-2.397167709,-11.2649064,-9.773610931,-3.107418777,-2.260235733,0.371089179,3.996724238,-1.697242221,1.984640416,-2.088468523,77.94431745,28.48789296,26.61365927,20.00154026,20.62701902,14.8583805,18.097278,13.78787905,11.17723421,14.0240707,10.03029807,10.59441271,11.10236468,14.03597033,15.86460564,14.82834644,12.87744401,12.47238448,13.42287824,12.78967311,0.79378235,-0.59463589,-1.02910751,-0.575868521,-0.620579391,1.416111296,-1.919365678,-0.600995562,-0.469287233,-0.099257474,-1.595745582,0.709848721,-0.956707435,-1.23207599,1.175701606,-0.186327743,4
