,file_name,MFCC_1_mean,MFCC_2_mean,MFCC_3_mean,MFCC_4_mean,MFCC_5_mean,MFCC_6_mean,MFCC_7_mean,MFCC_8_mean,MFCC_9_mean,MFCC_10_mean,MFCC_11_mean,MFCC_12_mean,MFCC_13_mean,MFCC_14_mean,MFCC_15_mean,MFCC_16_mean,MFCC_17_mean,MFCC_18_mean,MFCC_19_mean,MFCC_20_mean,cluster
0,01-MFCC.csv,-237.71866170242245,158.86237878021254,1.75518867887902,17.29272572750191,9.288440401520358,12.593411001274562,-0.6576653228194718,8.882507947274682,0.0841200699784353,0.9332320138873004,-2.264101798866609,5.113392567702698,-0.7696660754456917,-1.0340658276033137,-4.096893941679167,-4.660513342903946,-5.384974578011202,-11.50696112341848,-5.987862909933487,-0.3155566439200944,0
1,02-MFCC.csv,-235.8437244865103,147.0838471126423,-8.683155704544195,32.9246656262499,2.9189753111560908,27.3834866926499,-23.358137278844364,6.7408657131795255,-1.851815223561885,-11.642129685780114,-9.470322224818014,18.184530021871577,-7.127946170260949,-1.838488481737016,5.443003337833819,-1.547317649890394,-9.721859328333974,1.5656938023858356,-0.9246804952514992,-6.975264636465961,2
2,03-MFCC.csv,-150.18066295874792,126.28624116837548,-45.66007227126542,27.686528733936107,-9.114286124089771,16.048515355586932,-11.553235245729304,9.506453104957046,-0.1081466169388008,3.474982265597191,0.1943813944561379,5.121798000584211,0.573001029977178,0.5127206309540534,1.789387688869336,-2.23484292026802,2.2194518106482364,-2.696843001686393,0.7417359616173119,-1.3352387862067987,2
3,04-MFCC.csv,-250.22952076105392,91.38764727546024,-51.73082091670042,52.86267923684073,-12.547937414068985,27.3056432408853,-16.879980088590052,21.455667946430683,-8.26641765725321,6.6263750580328455,1.2492279097914658,3.236444080083353,0.7063469415028804,-0.867986675371893,6.860059164862563,-4.060022520562513,7.397014055976887,-0.9899122337489482,7.066877394316061,0.5660191969885924,2
4,05-MFCC.csv,-254.27760420761305,204.5799740739886,-47.36758184884531,6.151537940353626,26.69589807429246,-9.915818088784018,-1.486453190799122,-3.449071058849112,-6.206241928516042,-4.376030215272097,-7.425978537451026,-1.7905361561513196,-1.9635361050371063,-4.529843139776146,-5.138658537600684,-8.205476071134504,-6.730092026587908,-5.033222124829981,-3.6967901294379546,-3.186682608037664,3
5,06-MFCC.csv,-186.3854088679696,125.59658245832232,-28.138238779595973,42.85435718933006,-20.53209138304267,9.098547657868664,-15.062285397693646,11.646199388418896,-14.744348957559469,1.0684415222186656,-9.197882681647084,-7.401391792249497,-3.5760305872535127,-7.5444171675044975,0.8762294741531332,-3.627154789629989,4.26048966709654,-8.426299960092173,7.056357641134569,0.437515208252095,1
6,07-MFCC.csv,-274.4519958414242,166.65253411051907,-64.70450817098848,33.74015913156368,7.699390395051646,-2.1386379876507102,5.514648363338705,7.013633245675174,-2.3952109526493044,0.7807166406327983,0.9674590738026766,1.6187333182531145,-8.936951054982858,-4.524952756192247,-0.8627244293543744,-9.331088501207988,1.4200381758272609,-4.621646683669524,-9.151313730343462,-3.2942135126790006,4
7,08-MFCC.csv,-144.20637682320825,125.3911701635343,-26.565892589338063,40.71103307080956,-14.72171392832932,21.80421391180449,-10.32745866515626,12.090111863065973,-6.479905021614552,9.75154631745444,-5.704589145756502,3.5268227959022416,-4.021372153747297,1.0088939804166757,-3.5162528811942666,-0.5275703622093899,0.1780932897319812,0.2119963572192522,2.156522629831625,-0.4809166771331085,2
8,09-MFCC.csv,-262.479356047092,196.6630936450869,-67.14680301749624,-0.8448515379763945,34.50253461869563,-18.205024404872454,-10.262628180621546,-0.0538195584082907,-8.48354580894765,-7.546896484582474,-9.4433457005886,-9.495032224937768,-5.489535866123618,-7.103293160964952,-7.137121195847241,-4.331330980328182,-5.829325550434431,-6.556752914262415,-5.550672299400966,-6.562037547952805,3
9,10-MFCC.csv,-190.55742535587328,192.93360966162373,-15.213036162732047,16.21895605235714,-26.91787714606281,23.6909171436048,22.871955429017422,-42.3262807364938,7.132794283718027,15.47430741509627,-21.514471639120064,-3.894304818031941,6.066715488057141,-0.4266297013316253,-14.56053343363742,-3.763283851980326,7.473021515209894,-8.25330305803778,-2.3295342851814462,5.014559273510694,0
10,100-MFCC.csv,-273.78716356244416,201.3564669697304,-62.71363430209114,-12.375645595330184,44.06129132458556,-9.08580565367926,-17.985152856113622,5.606873693022284,-1.756856074460305,-7.646543144843761,-4.142893768652842,-0.261467333023903,-3.065206912488121,-3.9137085459355534,-3.554244120367324,-2.94122278610746,-2.252978077783516,-2.266244156249059,-3.469333966913249,-5.12753435186778,3
11,101-MFCC.csv,-249.00047170999636,166.8911619694675,-64.62792756603734,33.4550283819198,8.120456112144305,-2.603316728861266,5.925979886828891,6.651478060815235,-2.1453116224963167,0.6490260723064412,1.040531650738414,1.646497934328857,-9.019208935719462,-4.492607296792358,-0.955645913346428,-9.290628750917172,1.3443336467693487,-4.568869891121463,-9.240071530448656,-3.2459400001499548,4
12,102-MFCC.csv,-299.24282115851486,168.27462727572112,-62.39687787967248,25.63880503189452,22.69674467279845,-17.575042735020205,10.652851297873466,-4.769844582274418,-10.94585584037699,-3.802581000873104,-8.213813889782534,-3.4116258746338546,-9.693541512976855,-10.088471588722271,-3.955745905727805,-7.061202920451654,-1.6047991306823828,1.3249884574258914,-3.80963096484089,-3.5651587016541257,4
13,103-MFCC.csv,-192.36825298963183,111.91119736655855,-9.713345551362837,43.87446231667132,-5.84302411454459,25.604707807412552,-4.930209536021368,11.69462003450348,2.119245546562519,9.522237785404204,-2.65088440700235,6.812910372395733,0.4977926489260189,-0.2080276599633697,4.056976177818633,0.1907022897052758,2.884518293121473,-0.9339502990694584,4.374451036465818,-0.8135781208925325,2
14,104-MFCC.csv,-179.18079559943126,139.6301558001588,-17.536616011085297,41.19750925439055,-3.889618198008984,9.178953237455795,-10.614070255517555,11.215174801685055,-9.411103099471934,-3.671835810090087,-2.4097403207973858,-3.8944889660396975,-2.443553124060243,-0.4565926787262441,-2.666836535012236,-6.024030318345439,-1.8722998838957168,-3.870153419791883,-1.509523961245942,-2.3296057103639027,5
15,105-MFCC.csv,-321.78905867244737,176.86629926208687,-24.181390978098,7.84032393727868,26.076428355971352,-5.311937099719981,2.226931726220244,-4.19439589297065,-12.839254773302953,-1.9724950356765667,-4.23793352237384,-12.219895949277875,-10.071523721927145,-5.097301734321644,-3.7497506124885502,-1.8997971311968271,1.9656697758427035,1.0553376354751336,0.7082667462380141,4.073622998330204,4
16,106-MFCC.csv,-224.38594550471765,154.50863481401157,-19.5664650936834,30.075870632414624,-9.324554616051564,6.658399064830974,-7.981512074692342,8.81477499557539,-6.016466959554082,-8.407490756466148,-3.4798821676235594,-8.413814017199137,-6.9163105974520365,-8.435210185083239,-0.2692284551764101,-3.6056006144231536,-1.3091532201236975,-2.2034278288852285,1.664655137505734,1.6030846612157388,1
17,107-MFCC.csv,-235.69269012113668,129.0484230487251,2.7272091072786777,38.13747432924699,-2.542989673408516,13.58189511824945,-14.773740252173104,7.218298051778746,-16.439667773040206,-1.5510042305981089,-13.573368648497643,7.574417422101013,-5.587443163901153,3.816599139642788,-8.305103560185083,-6.6793237650057256,-12.710629458244709,-11.001516941583631,-2.9405429228597764,-8.261320296529853,0
18,108-MFCC.csv,-195.4973555553485,118.35905310422808,6.240523838211489,37.02985981394708,-1.967978098840049,21.487969674217968,-3.867421113861628,8.02437875000528,-6.300256873166134,3.284708703185238,-6.69722182668135,4.078170052725295,-7.586060619693944,-4.5298018459226,-7.095686342362718,-4.750848673634279,-4.89915480542019,-2.6173294982660065,0.3029639467010712,-4.18781788109959,0
19,109-MFCC.csv,-242.60892658595975,132.6101686127104,-45.9749510242229,44.299447201178566,0.5545954866947366,7.271336495332594,-6.19616562491753,3.7366541008681855,-6.865593872671049,0.0825060442269351,-7.7511866293043346,2.2696636874500937,-12.46937831708694,-4.681725850427552,-0.7963041340821749,-10.888273522658832,0.1135991920546106,-8.707148211773642,0.4966878874813947,2.7704916861189623,0
20,11-MFCC.csv,-183.53098410685328,119.3190690118757,-55.60060715805056,55.8837372202813,-0.9497220755037412,11.837482780085477,-0.5050063943772477,13.019295401036926,-12.293830275657598,-2.961638308850598,0.2999290981915415,-2.751924964492445,-6.417708833415416,-2.332142566889553,-0.0151174476385385,-7.7377681366059505,0.3205225327865613,-7.171132325840244,-4.60202062416301,-1.4585453721177162,5
21,110-MFCC.csv,-216.66597087744157,160.63948353621203,-85.3036646372218,39.62193793751042,5.02155487446185,-2.1714290622876216,4.24802843005492,0.3721270598382102,-2.574656696864697,-0.937116182776384,-5.270299061997117,0.9780035434812716,-2.68093840259373,-5.131587568051447,2.39993009435226,-2.02149706694476,-0.0698615676898412,0.0787924734424862,-0.900160614188809,-3.80955886282458,4
22,111-MFCC.csv,-288.89716085321976,214.3286166977869,-51.99884895461682,-28.166656624580444,33.688046784976656,-5.59845336034239,-12.533054102102431,4.286872509636091,-8.856321467484552,-11.915167986110726,-3.904314452869003,-7.507768853161479,-8.397685952343439,-5.597562869221383,-8.033307627565051,-7.914481305306429,-6.263791617394287,-8.301330834784858,-8.260034983996636,-6.194607592002456,3
23,112-MFCC.csv,-168.65406363105697,120.39879962013912,-51.98206443768888,62.12292859118919,-7.443176801387357,7.895172503957531,-0.0496611534699707,2.746647030451285,-9.32165235137216,-0.3672806751178962,-7.375366268011105,-6.465914902481838,-9.725398814111204,4.542660639694494,-8.63400871110816,-3.203578283662869,0.8871547611322363,-4.519141879491909,2.1235487712299657,5.150478152644408,1
24,113-MFCC.csv,-167.87662139420607,115.05270959900936,-41.86506809435111,54.09618339882221,-14.122588451300487,10.78085546057685,-13.115446476161123,13.095929549787613,-12.418333981883494,4.139383291544026,-10.044515367522353,-0.14222724476888,1.5071624706097115,-5.320268642107927,-2.185936247647502,-2.8662914342734256,-3.4511729214344515,1.4824945346119422,1.4725025312467417,-0.9002433405007907,2
25,114-MFCC.csv,-172.66251892903952,144.67929272872186,10.357488899795356,44.93481246139381,-11.137969652831451,19.137407318871663,-9.315156864023235,8.635800628169404,-1.103593226236793,1.1482362616986208,-4.808143795728684,5.608489045083955,-3.599040899057078,-2.7781015283934427,2.3434893769670597,-5.241397174547533,0.7278173919225358,-3.075689974720643,1.170967274071112,-3.628826918356879,2
26,115-MFCC.csv,-257.2657543996345,158.38112316161528,-21.025812014358788,24.797196846424832,8.964246751268348,7.205622262250465,-3.1166038121293824,1.9454681866813088,-2.212024560392396,-7.26022871865101,-1.027406455863822,-2.0465036301753945,-2.680178623715453,-1.6267556422361922,1.7713381307130496,-0.4508234484988362,2.5277654324937004,1.7010207301848832,4.591745069350353,4.9852122541409445,1
27,116-MFCC.csv,-446.82791785608896,147.43990009286765,-11.771916271599531,13.113227446651338,11.84556634752908,-6.243413910858607,5.906643281345776,-14.1244542154747,-18.59365917369336,-6.9340992420863365,-13.15213695724954,-5.314703201451215,-0.4471906365880447,-6.096501617575731,-0.5163293256266444,-5.165573241509227,-10.603869803826267,0.4163304824635527,0.2658537727818958,-6.877366870180773,3
28,12-MFCC.csv,-236.78548678947936,129.07167511550216,-36.24598961966337,47.1322563352165,-5.926926538788711,18.67709558186499,-11.778756577450366,15.33547858854782,-4.014866600309833,0.9907547967369826,-2.4118593385066807,2.907276385430969,-3.5019937599623936,-0.5161363325562532,2.1080205351580728,-2.3204438735705244,1.881560023695215,-1.1905553333481742,3.743996409865662,1.5231266945612638,2
29,13-MFCC.csv,-179.81756736086635,127.64358911213225,-56.67462015851902,48.58187334524196,-5.484442067249063,1.9079594396467117,-5.222904765731836,15.114270378028628,-6.551330528525414,-2.972733733998348,5.342264009653562,-3.7280956869441706,-4.425978976783348,2.468726513899516,-5.014691445937649,-0.5414159245465016,5.971312643451835,-3.985651650890562,3.260712948169343,3.40779233736302,1
30,14-MFCC.csv,-180.75228996101544,117.94978938528683,-51.41017149103498,59.52760933122837,-10.245752265269545,11.323505123314552,-7.792267624531003,2.521790399575133,-6.297141386077258,-6.301293870444321,-4.2092167553557,-2.8344589179936786,2.663685201833834,-6.934862415647765,-1.5384603423736538,-2.1152412693733798,-4.737933905961901,-3.497907403248319,-3.2474431457264554,-6.286975315053753,5
31,15-MFCC.csv,-188.46061158391103,134.59374549247232,-43.96769304074376,38.4891619525613,-10.35160389777483,26.751260002478038,-15.493621112760987,15.33402444878408,-6.966723568623421,0.7149609705543836,-3.1392672667443877,-2.614197514591432,-5.999768015818267,-6.341965406529592,4.59122915912725,-4.3495805061822175,8.819987370712129,-3.8385128513053264,3.9626399762544313,-4.646893567843185,2
32,16-MFCC.csv,-291.6690605585113,131.82035201258924,-18.689758732072907,34.79483954353178,4.417620140736464,15.549055989583042,-7.027535916705945,2.356743414402156,-0.8452698705555761,-3.747344417197589,-5.787859216637611,1.4578417406698536,-2.84380493711487,-4.104140029389541,-3.4311108990058163,-4.650644968328645,-7.149868388174562,-1.5972598038584238,-1.2881665330915055,-2.848999492210314,0
33,17-MFCC.csv,-234.52361797002115,139.56380725669348,-2.6071943270148847,36.38247005107172,6.479841141409917,25.226485865277944,-9.544026573527876,1.1934457186738698,6.431837925336857,-1.3179099155388037,-14.116016797724637,6.60615551171642,2.9492147019027493,-5.575260445482431,-1.100273172328894,3.859300425980256,-4.1263632396247285,-1.7533042047652063,-0.4236342434416305,-3.138693347164605,2
34,18-MFCC.csv,-242.4258505507979,200.31277828563697,-60.63207987853693,-4.796936965558856,24.74175626828245,-4.135575665712901,-10.57047877098496,-2.6792804714156766,-6.690201642473622,-8.272401083153328,-7.7674626840372305,-4.355859652195401,-2.932386796947735,-5.229223953166377,-5.205350089457181,-6.26278893402288,-5.635074490040839,-4.655587933836498,-3.646424935837442,-6.219273256970393,3
35,19-MFCC.csv,-292.15875689309286,123.40434742188002,-62.46895690107934,46.12898894224457,5.8812859568384575,9.57004434609224,-8.220032692490337,14.332076844207377,-9.665612923531484,-4.506517702264307,2.897130925365972,-3.270265951966876,1.3646092510703232,-0.0932403266207432,-4.192762059648508,-4.55630481043268,2.6782386955597914,-3.19537375908574,-2.064740229303304,-4.030760803497042,5
36,20-MFCC.csv,-181.30320967819628,102.0526364028331,-0.171024163925677,51.25655465322441,-6.336484670646658,23.923538880497432,-5.965502149730526,15.13169409742969,-5.060888130797625,8.914865974585611,-1.698533493044343,8.600365118304866,-2.5828622611948435,1.536348742770173,-1.3924789687031955,2.664131517149966,-0.8053227965049434,2.971385890298258,1.3736339990257953,2.000269164779784,2
37,21-MFCC.csv,-202.2113841088245,110.50203299454512,-69.01847152769282,61.39147377778408,-4.172113034444467,15.185266681207748,-9.258728719683289,15.88069529690152,-0.8310693478783178,-3.2041767089038258,-3.2491116302064973,3.607909770291145,3.1364972659335733,1.785712559822246,1.613057849016959,-1.0705788288338665,-2.916687180190725,-0.7491989875417355,-3.543705113532697,-1.405788828348038,5
38,22-MFCC.csv,-213.545962094334,141.45606027317118,-42.27276007146964,52.38770960571776,-7.739217947314732,10.723225135938057,-3.559885090126763,12.72414400125336,-5.46996529432208,-0.5066957920055244,-1.2223172526005497,-1.4002862260012132,-5.90708758435083,-3.7854964014902825,-3.516450614327483,-2.5935569549159374,-1.963071904656754,-4.5538446976865,-2.4856479037473624,-3.4358898503479955,5
39,23-MFCC.csv,-228.63566870566416,183.54724498079955,-39.94463712797936,8.930882583940525,25.459027942108488,-8.492074752552211,3.480706781253984,3.747267514234421,-3.6522992251822495,0.9503033038367388,-2.821285847925459,-5.352515899297546,-7.640732030130737,-5.301525292895509,-5.5088915145404656,-5.240810573678824,-0.3511784083668761,-0.2557261250207757,-0.7791192328248093,-1.5103242054567865,4
40,24-MFCC.csv,-241.7805581763172,149.2503089452184,-19.799927025520194,40.42328691499778,-1.6543706942400689,14.129500672733991,-4.2694946993477405,10.185334110276814,-1.444645060654818,-4.427418999020366,0.6340031761441463,1.4973712451171155,5.043750833438788,-2.240877870568145,-2.0489400948796344,0.6952328505367018,-7.768426175672147,0.8875569464536326,-2.183571803855402,-3.7235986439022,5
41,25-MFCC.csv,-258.7238855178894,139.17006839919932,-57.794580584077096,30.17408791194688,1.6298069798643486,3.2208593639010137,-5.009722722440694,5.242746528400289,-6.240127382439571,-3.269900715826497,-2.4926247284749725,-3.823210772015558,-13.590279879163086,-9.61326481154699,-6.486075545704994,-9.87900864959533,1.7364005303235308,-9.388045274797385,-7.090794135513667,-1.8805385654750075,4
42,26-MFCC.csv,-274.56309505931983,228.1581556633124,-20.275205084684917,-28.187546790013965,25.42921076417216,1.1807023841071491,-10.0597547879482,0.1756382235364802,-6.190987427096106,-5.469362896193728,-2.9359127583948825,-9.539672109843917,-7.229600166427244,-3.807801013617692,-6.264737225683135,-2.645899350924213,-0.1053738923199469,-2.8687553295898867,-1.9392424421602952,-1.8964308037684217,3
43,27-MFCC.csv,-300.2364961933502,146.71681764804032,11.905920811011075,36.242788947449135,15.137906037027197,6.872836294423904,4.66301858924619,2.719327516134188,3.5311821721106025,-3.033036879422629,-4.657952052662103,1.1743420504717148,-5.16072730242209,-1.657265520385144,-5.644983820859515,-7.835014894186779,-3.4606969466463644,-5.648657266164827,1.1738209884576625,-0.5815042070546312,0
44,28-MFCC.csv,-262.0366368860833,195.7727786225988,-44.82603717931725,-14.836060902017485,30.848446979246194,-0.0995989072150873,-13.38608715328378,-0.4647373897302168,-12.428827452397169,-12.907961066892494,-8.43964605524849,-8.268573699773741,-1.2572733796413396,1.059816532491962,-1.273291942715717,-2.38194443100545,-6.635709004329001,-13.696860884685012,-9.435147943022711,-1.3918026067000375,3
45,29-MFCC.csv,-289.67562860068017,197.72887763777288,-40.27947558108494,-15.423190993258997,34.938854849939204,-13.17498969156402,-21.57160686910331,2.082643886326192,-10.597461769357563,-16.31133705916585,-6.889247880177401,-11.274338876919314,-11.242540245641097,-6.390717515313439,-12.133364257287075,-14.07394445289634,-9.820762356522293,-10.60020052345869,-10.499632408903867,-8.300018179252827,3
46,30-MFCC.csv,-237.3081320990696,139.6376240128066,-46.65350543881191,30.504778472325157,4.574846041240007,7.784842399582281,1.1899689688955448,7.960593842354064,-5.573358463600991,-9.629945422261788,3.6996062130130567,0.3555949704538323,-4.750181105308992,-0.806693381193672,-0.2917808292758557,-3.4231665798075577,0.2348752158162944,-3.294260943853381,-6.460665340036193,-7.440656340311332,5
47,31-MFCC.csv,-249.58405987283948,129.59221016676295,3.3965793466975995,41.21356003794013,-21.33416772930145,23.90396696763646,-13.273830357484735,12.73688282776808,-9.843165123344669,-0.2926858889563413,-12.696129371361131,0.7311896340102193,-9.042370068937949,-1.9751788005572828,-7.010319426968251,-5.138718606560984,-4.364898416689711,-4.494788623710715,2.7358528566675924,3.678346916105305,0
48,32-MFCC.csv,-209.59829620168043,122.77819854763308,-24.613982074831185,47.40994748847119,8.83777272493424,18.728861663539107,-3.782980796535399,19.368632578990063,-7.0576099027195065,4.44360072296218,-7.864526316720296,0.0664313613690164,-2.6853486712659937,1.3166448190243076,-6.018172876576996,0.0702658307531124,-7.436831804421924,-2.001463831568411,-4.085258066047708,-4.197394165164954,5
49,33-MFCC.csv,-249.71496732798812,115.09544780520883,-50.38658268268098,49.44071614919701,6.071020120295762,0.2118044438913135,-9.09786314260875,11.847553786135204,-1.2855184930953607,-5.189024539022526,-0.6835784481306871,-5.096513279092226,-4.9254815148743605,0.6917158886763883,-2.690624162565873,4.834702407772648,7.52931092370109,-0.8423856688240973,4.107655958752204,4.938225097965538,1
50,34-MFCC.csv,-264.4388778817959,130.56210291209192,-12.473621297217615,28.09263220998825,-11.431106223997462,13.99777856358436,-17.972220413744807,5.077435726656728,-10.527490755738658,-3.713459698939407,-11.063491322196969,-0.2318428311965461,-5.903874409085376,-2.002803476047004,-1.2465469545679613,-4.0783482145120535,-1.379032637117556,-4.682739017446432,0.7225551659417686,-3.3271313670933145,0
51,35-MFCC.csv,-210.63835563101895,149.44367908234202,-6.940869963789545,35.597305532867615,-8.700658698227004,21.829635212791857,-4.993530135743643,19.04341047490624,0.0633365790620697,3.6020714081406027,-7.868268812620763,5.0774954833334425,-8.268780345722385,-5.875685956333296,-3.852396585928362,-9.052941102527615,-0.3616105332147053,-6.296980371951373,-4.60558380821842,0.1052124262997618,0
52,36-MFCC.csv,-182.4957884389948,149.33392290493157,-67.4410849641825,62.12839279702849,-3.072479890828993,5.958277979101384,2.403044562108653,6.950452286229016,3.2595034320526834,-0.8203404645169802,-1.5770979074225866,-3.753695961446936,2.4284477872808243,-12.17698485182038,2.064775088908527,-2.7481876714575586,-3.7329247835518022,-0.4607701767479524,-2.568384414006712,-3.465955517194449,5
53,37-MFCC.csv,-176.7258215089956,119.91974820276732,-53.19833577790973,62.807682311078096,-1.1570931889832543,19.68420047878254,-15.47394789945747,-2.2982489888315887,0.836911005640442,-9.50464358769386,-11.024560267205327,-0.1790205888408744,1.939981109343784,-7.985136093449017,-3.8821019890241497,-0.3567334057996937,-5.919608495955551,-5.071854237163088,-4.840172917477978,0.876894495984892,5
54,38-MFCC.csv,-292.2206344029606,198.44558766434716,-15.10980393726758,-10.039021168333,23.16799115973484,-12.591418971359914,-12.845184087889852,-0.0585588128402186,-14.620568336654364,-14.926637068490022,-7.051536098451185,-9.983332693929668,-8.72575061629269,-5.88935862014976,-5.999658510461907,-3.83534417643957,-3.1036407563351407,-3.9692462008873663,-3.81154813214478,-3.706002091346841,3
55,39-MFCC.csv,-200.1800900025648,109.50763404276438,-56.916593950704936,55.4386451797274,-7.771873330285177,8.881264007075854,-6.9617437669027264,8.573432597402123,-12.005158630422622,-0.8885076438892751,0.2000980304882926,-8.081958229301543,-9.588245976458536,-5.317054340322101,-1.1500220461122728,-1.0323350094697443,5.748428093111129,2.446725547863988,3.189359013007014,-2.1782331511958626,1
56,40-MFCC.csv,-238.4396635973748,164.5439620287348,-56.00763413374077,42.0648600716025,0.2013425655544591,-4.232202364435482,6.050234979149913,-4.336655777867114,3.777507452890332,-6.477675274373182,-3.3585995638619672,-0.7274778111282382,-8.636858556140467,-3.915599952448804,-2.1205145995633283,0.5436672197521546,3.627752555928336,1.4526597507394214,2.6730105588516717,-1.3146980756020037,4
57,41-MFCC.csv,-181.59148724828088,139.560907771196,-38.00811128524213,53.22277725424487,-2.813106584865294,10.728423201564723,3.0446560866642027,7.7514714909372,-10.2191436696223,-3.2942199869748325,-0.3864395881670694,-1.8595013587739069,-11.695499905083157,-0.1899455273750556,-1.8689747588913752,-1.0542654344420703,3.628396685414713,-1.9723738204371144,0.0087296404130005,1.8417967022982225,1
58,42-MFCC.csv,-229.9746146164713,145.8924155678316,-26.28240615893847,35.2184641175719,1.1823969386632531,-1.140952741617864,-5.079452237109388,13.169789289234831,-3.3925274254926387,-3.415610547279828,-9.740481003856493,-6.60510487213948,-13.362653310636626,-6.230088170895055,-3.653279902076064,-1.392270102514101,0.6088618828980198,-2.6088146560217176,-3.340687425509289,2.349962144368827,1
59,43-MFCC.csv,-215.01596332498048,131.07768541076044,-51.51304026079682,50.67217770557037,-1.9504461085293372,5.79540027564507,-1.3492737742318377,7.692210720153314,-9.557835220956594,-7.424835857895283,1.481493131785237,-9.048411480243216,-10.340781791119586,1.716434797248284,3.832294472337024,0.112479414958142,7.521022872001607,-0.1297603111112319,-4.986765175494891,-8.993215374652872,5
60,44-MFCC.csv,-186.0156061111504,114.61256676647284,-16.86310165539644,45.17317127752554,-19.268390163695265,24.892112165331262,-17.53215626964331,18.117795269370838,-5.91496125091479,8.409551812921404,1.6994420503995498,4.581222093380971,6.526737570585261,-2.853680041998645,7.43571585352027,-3.441465380849909,7.676549338909676,-4.801751914964809,3.932493666660817,-3.7291177345152895,2
61,45-MFCC.csv,-161.7589229071441,134.65586720760973,-13.360507686376607,38.62593256676927,-5.553115649300362,17.628160316860228,-6.203108930948694,12.302524003481889,-4.656573231165266,2.037083830824081,-4.3092139472525135,5.427887347911471,-3.649730869985192,-2.4019799056239663,0.3263590251076601,-1.8645716762816555,2.290950121686614,-1.1403536113043504,4.6806635322912,-2.154596811551047,2
62,46-MFCC.csv,-258.0944632923823,183.7558255195612,-64.22122673917458,23.275604320964025,17.30119834327109,-2.095352181566212,-2.2016141292741223,-4.865383743912404,-4.218670284124272,-6.146022022254401,-7.862329257921359,-1.4392743122375826,-2.993575128314458,-5.425938345346939,-5.834516494261308,-8.356239409477144,-5.74104687480455,-4.443906063002038,-3.2043109088841693,-6.582368973645043,3
63,47-MFCC.csv,-167.51250355227145,154.08344326304265,-36.47251008309336,26.0864901250439,-19.716262492351785,4.00842338670356,5.675803126346754,-6.608024429028092,-5.193581690031453,2.834065140723547,-0.8473350640881978,-1.2249025078110714,-8.842667374399316,2.7895308127119565,-4.088021926683631,0.6857247544453313,5.1800150788203,7.660704211380077,5.883022667034757,7.958054604619426,1
64,48-MFCC.csv,-222.2910844466344,141.26279493477236,-36.23332826258635,57.00271611137973,-0.7781421806626602,14.338820229478491,0.1586934156563499,-1.7424298955868502,-2.5224942412675744,2.4008114325267758,-10.605032124325083,-0.6250074668898601,-3.145248442592245,1.8355801729762693,1.473361483279826,-3.3078270559233656,-6.671176577869151,-3.402861675018675,-0.1275359381705463,-3.5164540106191104,5
65,49-MFCC.csv,-200.78828066686808,127.44329683266535,-73.37617364038483,54.07914901702204,-6.960053527154534,5.742362725874413,-2.1498458097797584,10.808936980805267,-10.376337257871302,-3.990455172001673,0.1109633228992267,-3.7016240103939104,-6.5874019628872205,-1.9940976747329489,-3.448412083129756,-3.8830928926512702,3.146528567404266,-3.463244901479879,-0.3862795974197721,-1.5754651253941545,1
66,50-MFCC.csv,-273.5356053618352,207.92999441561147,-42.36699864956438,-27.851898179529723,33.0499607292432,6.367827238755669,-9.960850392324293,1.1593990632383324,-8.713717384500718,-17.76753998849658,-14.446507092129403,-12.01291186922222,-6.850292014727795,-2.1331736688600302,-8.339095832463595,-6.212306793653138,-0.6824463906870983,-2.30445149844492,-7.724664155136354,-9.141425133242308,3
67,51-MFCC.csv,-225.4080426210932,177.4516704818041,-76.26178721561747,42.89289090313126,25.60499797281944,-20.67788150201588,9.122045669297426,-14.170740367647658,-4.323712168700227,-1.2991669301832598,-16.499800230843096,-1.3576852380082816,-9.39941558304039,-9.137149537053416,-1.8401135900808,-10.092925815246286,-4.2836707050661325,-7.399606769415892,-9.46650094398871,-4.064941280667504,4
68,52-MFCC.csv,-260.2903615668381,144.35450437489098,-71.4321522329709,22.987756192228165,-11.54284829200717,10.859364573690094,-13.463010944697077,9.093287520301988,-8.575722808067182,2.112885843738677,-3.61279044025504,-2.4133225274884684,-2.833614475473682,-3.594060970317728,1.7993655243435074,-2.046227744617268,3.995525381483709,-6.018072163100524,0.9034478722791676,-1.5043390810332444,5
69,53-MFCC.csv,-117.93565703544506,124.28064251007794,-9.354644455098889,53.65430689754274,-12.828797428315482,34.411965624178585,-10.87468389825218,20.595871198116036,-6.974352483339756,7.948892009876672,-4.499313217069864,2.3596256411694005,-8.47737624213564,-1.3773598781337422,2.533365027530668,-1.888180170847373,5.540594960731725,-2.3987582913040555,2.700842023562521,-3.063204802740797,2
70,54-MFCC.csv,-207.00012644026376,132.38199849512543,-46.56259200203903,54.84106732950145,-3.04415401696732,13.063899168248026,-4.595807635144495,6.498147479421483,-3.2414733573776098,-1.7001275710012245,-4.818381774072444,-0.6004902340613859,-1.6241003361999524,-6.0026739810954295,-2.341679144520279,-5.364914147265872,-3.959018430300821,-3.311356148528392,-0.8771220694880123,-1.0409489503817604,5
71,55-MFCC.csv,-211.2488402099502,146.35286940540334,-22.08693017502233,42.04516595971977,-5.689632127497645,10.664223837955364,-6.359868739784099,7.529571397381084,-10.540049777047138,-3.387264174324104,-11.892178385214374,-4.072481880510818,1.5959476713551053,-2.3674832365619958,1.0981926884673705,-3.835875996718375,-5.859136797620646,-3.405516211686745,-6.804467889137399,-8.984743276511956,5
72,56-MFCC.csv,-192.71104865497276,145.7297051601644,-53.89025473222401,36.65882967823003,11.450815388737976,5.245858068066868,-2.2142825964530903,9.531784692631163,-0.7007907698078351,0.0038877877543298,3.371869416749786,-3.858367442159377,-5.7047300847010645,-2.931784127641365,-7.531124159729866,0.5235959268504516,2.264784592033985,-8.434583449436001,-1.6976823879584075,-1.8563710976897023,5
73,57-MFCC.csv,-188.16646877767923,141.4616560532905,-27.442632253860484,54.03874680715438,8.111544453777613,14.673225641865562,-5.107086700316127,2.667911179749344,6.989470577172663,0.1550344239395464,-11.029916499631714,1.6202373061075157,-4.6257287410064825,-2.1046095928432607,0.8333832669977529,-3.01405105724877,-6.025481944501613,-1.2755498048664058,3.2114933863718957,-2.089258192187029,2
74,58-MFCC.csv,-193.25804957131444,133.9301424978152,-42.259551777298846,60.22661479687819,0.1793779809350368,16.31214067120444,-7.755526214652809,8.292805892329918,0.8472746006557569,0.6929216564307036,-4.388449532760584,2.903124582287377,1.5650102964214216,-2.5766010199245466,2.9763864465126315,-3.1464695542263104,-9.247679042945348,0.1197457620381648,-0.8898526876014827,-7.76103240539762,5
75,59-MFCC.csv,-207.7850736777051,177.85915827403625,-93.96170464569204,46.38803852691964,2.7517221251509323,-8.510290296962797,13.729428285271688,-15.613904270243069,1.404253800551709,-8.20042609062829,-6.401314603256747,-0.6202589996249415,-9.325834293829809,-0.6120303402420627,-7.268178645723542,-6.455381472361289,-2.118326336466984,-7.709597290380259,-2.3168960802690344,-3.685319047730579,4
76,60-MFCC.csv,-149.53795462029927,166.5227700705372,-84.65978932874528,48.75531607187116,-2.264491517163149,-7.145421524711892,16.13590140242694,-7.720568151471394,5.573859222720141,-1.6065513585965814,-4.660700786954205,3.9091168705066575,-6.987556204790596,-2.008007063982184,0.0495576811256472,-5.08386745797418,2.510484678945339,0.0830098710245871,2.326322341926293,2.2360472807758267,4
77,61-MFCC.csv,-202.50052229501583,152.70824863926794,26.270365653965037,16.24797871049899,0.1801380190437433,25.91022591847689,-4.989887709659837,-0.9889331255328112,2.8524096093145173,4.755291427482246,-5.054065992356469,3.234569884238042,-6.781112801838432,0.3957099914368588,-2.5368106981404,-3.935360796765851,-7.822349978983549,-4.476022537753219,-6.278899290088282,0.7856240451564594,0
78,62-MFCC.csv,-222.41493904413983,137.58852762220528,-32.724484092482136,41.6298807551896,2.7952142788115104,12.128194153344516,-1.4888133145499702,16.109557551053125,-1.3917701596961494,3.7524466195650583,-0.797169848943132,-2.092589803273281,-4.42942309117528,-4.36717190060424,-4.178788272663017,-2.6602052819702515,0.4611499984388615,-0.8089968409320536,0.1162732353817328,4.479738392091244,1
79,63-MFCC.csv,-260.3187686952021,205.5868349261878,-36.758847632647175,7.9929609397066015,24.718498757169783,-5.342425277671532,-3.6239971573223904,-9.291393328223126,-7.44063670519171,-3.579008984995368,-10.083409080634674,-9.458728237599692,-7.230648757602298,-7.653881104857974,-7.02696756224372,-8.475998724841093,-8.34324841441044,-7.065340926170845,-6.612974081186041,-7.503882228573605,3
80,64-MFCC.csv,-239.59068944795752,132.9858517744753,-57.246320329162295,46.85552677548849,-3.550743606960729,2.7870139184215086,-9.416449692673003,12.122692487476522,-13.302621572403806,2.004406654092319,-1.00335248049136,-8.170553095503369,-5.716601435688842,-8.24755912665833,-4.009922315336193,-10.638152551651222,5.294599388206182,-1.7930228210173835,5.816013330218879,5.700394210977377,1
81,65-MFCC.csv,-244.68088067322265,127.96464507526493,-54.08551187605852,45.96659361498789,8.596004962982159,8.552345094855792,-13.158610275474116,6.36041322940684,-2.305215948741628,-3.225627902048208,-6.82834338825065,-0.972208290743628,-0.2896972897269996,-3.93668669320716,1.061708263387832,-10.00361396938072,-5.551710767640483,0.2121621836515667,-3.063251573046716,-8.677887101653662,5
82,66-MFCC.csv,-263.8328156901213,206.57255892622703,-54.34601067373989,-12.854741006273848,28.84704451700868,-11.91492364415542,-1.5903495945120742,3.623085517088132,-10.986372119403176,-4.666529899475799,-3.623337702176656,-6.604605159303808,-4.860418844372806,-6.17599199096065,-5.196986198574164,-6.37789888035749,-8.292452655922322,-5.976831395864664,-7.962709079978068,-9.34853558839085,3
83,67-MFCC.csv,-301.2554465346321,185.06764900610256,-30.249599691422205,-8.4176120035293,11.48636159856042,-6.140872439508657,-15.19870550104062,-7.0903695573052685,-8.688259151702969,-8.567794482721302,-14.823515746097282,-5.244334224753166,-4.636238183811803,-6.74183002531132,-6.953329528450762,-5.189945480794655,-6.150288296671524,-5.900963475467848,-8.201389310713727,-8.304405130382083,3
84,68-MFCC.csv,-221.2811296514492,138.51859045460372,-44.23813594134033,51.26200743469658,-4.45437825968116,13.547285486963531,-4.257959617580308,10.23339283061199,-5.64911245116666,-2.631186318718084,-1.6325173067475285,1.444017529007152,-3.149026675593462,-2.633809663722517,-2.425158042309484,-6.405666437879681,-5.010985062594416,-2.6520733275094805,-3.3846207571413784,-4.046016806864821,5
85,69-MFCC.csv,-137.0007973946823,106.01533563518824,-5.188291967573654,62.18632847774192,-21.724351398520824,36.890026778187966,-12.178793794614943,18.540547252154607,-12.437895818980076,10.277490456440828,-9.048687371064702,5.822618883223817,-5.035235893747261,0.9096461434469212,3.7216453975854815,-2.723462936554358,6.9598339859027645,-3.080752875096821,9.387486762704809,-6.425328232039084,2
86,70-MFCC.csv,-264.318414000592,126.80682877619346,-56.79960740251392,39.95044003986505,2.583189286590823,13.52502723879523,-0.7001611634845026,11.21898528667291,-8.310526090027036,1.480407128584227,-3.5572194977997738,-4.769600265668433,-6.3860088391781895,-5.691897149549169,0.0758469249689505,-1.2451196082222609,4.546163505354341,-2.3331283015671818,10.077891699668502,3.30614510711784,1
87,71-MFCC.csv,-210.87003142466648,182.32804490182812,-53.27991363131187,29.521983089010376,5.459629394029803,-14.389608857480807,4.410930420749746,-1.7402302941035388,-13.115414093819634,5.888017431126638,-7.479677699445554,-10.450026324129484,2.2452469784244893,-3.4521258996538724,-1.930311974418994,-6.82592622698147,-0.4623082852988595,-3.562651647507619,-2.894761800162628,-1.4781661615309634,4
88,72-MFCC.csv,-191.955823444106,122.97186141730582,-43.31418637947393,47.87441629876715,4.422843653931508,7.12867403554209,-8.624582852429993,17.197695413436804,-12.723046365190571,-4.522857243023562,-0.0065988518539644,-6.761017348853438,-4.863012073012229,-3.1953501324279387,0.7717164917007248,-0.3899597518233285,3.719205603972857,-0.2227216879760359,2.2381583551450137,6.771069841029808,1
89,73-MFCC.csv,-260.5649002893629,119.76566702713022,-71.73171665869081,38.86450781999868,-10.481795962372392,2.907379593421972,-14.202534372464946,12.851085741103478,-16.46757562235209,1.5636679911521123,1.6459406436408095,-11.310527716579756,-3.3197825300384385,-6.41712510993866,-3.00398753554237,-3.52185123777584,7.638002073222194,0.0866416238993257,2.157157456040516,3.418175454922696,1
90,74-MFCC.csv,-257.02045048059784,117.4438783149137,-37.76624009836929,30.87865313854399,-10.83255375550735,17.5639894467076,-22.02143710036213,14.608446138492289,-11.785016220057985,9.331808247526675,-8.864385797418402,5.808604916382268,-6.466662160539437,-0.873936776551681,0.6153625714248109,-4.627528391260207,3.992918778782462,-7.799209524708184,5.650150348258168,-3.310041218052462,2
91,75-MFCC.csv,-291.42415469941704,141.26356051473132,-4.057863278719191,42.88562494546889,-18.981148155997627,20.249980877676656,-9.772107993413142,5.222421122706522,-14.917108936787342,-7.7042784333294145,-19.12293884415316,8.20425807050528,-6.550709626903942,-11.742201938027447,-12.201264004887188,-6.464850370082238,-0.6402987127946671,-9.428266280425351,-10.044491003704172,-8.724900085668844,0
92,76-MFCC.csv,-203.0648785780888,146.21939293164343,-59.79085781168563,44.73738024334258,-2.504979955250196,3.3064656217454096,0.0468555640370128,14.14170395398046,-10.768507390914936,-2.779094728540932,3.624996872428718,-2.301917304223106,-1.9390820559052329,-6.753518166633833,-2.987509550403197,-6.119058215764008,-4.424368561343028,2.004794429021372,-1.3109981083212687,-2.560390929690584,5
93,77-MFCC.csv,-205.46136694255875,131.41488458632415,-53.88419529267935,47.40162899653313,5.220404808665182,4.008537924203042,-2.8879033116566646,12.889017369693578,-13.02507684612158,-2.0809365818770607,5.433709620976858,-5.8208580820557625,-5.532342882134594,1.497984872445381,1.342978891672646,-0.7051848166134623,1.4563681348008348,-1.9081858551354267,-2.2233173705508342,-2.805419728918934,5
94,78-MFCC.csv,-179.32017782708786,141.35548773258606,-46.20382698520204,56.044616873397246,-7.4450611150915265,22.354870760340606,-0.8031779233771174,7.539365268867795,7.926158957512367,4.736201568446484,4.4859480642674665,3.6084344130546526,0.8866314354342105,0.4963116849242958,4.288957370970092,1.6611778089792495,5.182674763091599,1.131813755711116,7.736291008824506,1.0325834670349048,2
95,79-MFCC.csv,-240.9202900077463,126.41882663470876,-68.71882763718277,64.43801395385944,-4.69966708127101,1.7758658099305749,8.349485268943816,2.8085215565889694,2.51482089751813,-6.786759889381732,2.4518431885544087,1.6179206531646164,-7.275156868210108,3.770961841941437,6.410427236727792,5.233156888732808,3.851207127752504,1.7824828311817478,8.19841728189407,-1.3673069715080888,1
96,80-MFCC.csv,-193.69603284750943,199.75350317227665,-65.11294264397537,20.550304032354635,32.578469937859865,-13.25715552996113,11.310144092588915,2.1419599649033474,-7.7809316546805185,-0.2351143629432329,-7.295976376065226,-2.1645432179573776,-3.918758862640087,-4.635287213465689,2.059764316588818,-1.4007200383578071,-3.5034099876528453,-2.330711192704099,-2.421510089547058,-3.07995995650595,4
97,81-MFCC.csv,-161.64080360015404,144.4012385200775,-30.395339428183338,30.284734437621083,17.977033930544785,27.195932368160328,-17.942407525348617,2.062636102594498,-1.0095524370820237,3.641870380540916,-17.93286611697312,-0.7287175820208505,6.458162414481993,-1.6775113170202978,-8.008444916127802,2.5307704498465657,3.276211493235322,-6.3412048622887465,-2.722928212379365,2.712648214712512,2
98,82-MFCC.csv,-246.44210024414528,187.06850824312653,-72.7909127866648,7.749671172568965,33.76702109027922,-17.72077614289492,0.9936304781518406,1.869155711054072,-12.623071758936913,-4.456883579964435,-7.560053329500453,-5.3269641586153815,-3.440739603004535,-7.241896413003796,-4.455968939075544,-5.838345985425475,-6.506259561657069,-5.125738647812151,-2.7400246779441866,-1.4739228785031988,3
99,83-MFCC.csv,-279.36265130920543,197.77292672110045,-37.29886390150758,7.477930507505129,47.9685167181952,-3.621201547623744,-12.004565708032084,2.440281703158334,-7.920826948858656,-9.450192426822705,-3.286963337827096,-3.757549614786912,-6.801566603502793,-5.983606732347198,-6.360024709779313,-6.204991490827899,-8.340878909757937,-4.3975429388904415,-3.612452660509074,-7.790782861514773,3
100,84-MFCC.csv,-237.88012099521984,203.8066837472038,-74.8529957711078,24.090504584285508,30.59169745461331,-22.64782812634457,-0.7187996940551938,-8.383339526290007,-9.67184863469098,-5.205578419819832,-14.63110082922658,-7.537936554938218,-7.578149986631856,-10.795080138487084,-6.35814771176678,-9.746179013366213,-8.464950564955933,-3.82212594155987,-6.610199956419514,-7.960796641179623,3
101,85-MFCC.csv,-200.64401259086023,120.83405353153869,-58.144538144906406,56.00490583130375,-4.21178041110061,8.516510173273776,-10.622431532767433,7.821532855969675,-2.81848244778352,-4.552678004474162,-1.731543351529082,-4.77790127181532,-4.8276697886320274,0.024469752860632,-4.346838759294463,-5.182368587642165,6.201337895531825,-3.5559241961743018,1.410168282618061,6.325120788874291,1
102,86-MFCC.csv,-106.73441040397164,137.2805745591828,-23.792465739663765,40.38530866327727,-21.110851866479013,21.406775419385145,-10.60172301136182,9.836773413072036,-7.100456325508977,3.1976776555989086,-2.6315678170660872,2.516431826251575,-0.8830410495683584,-0.7723946769566334,1.2312725603690216,-2.587871137371066,1.96820518453736,-1.1554211792586868,1.320747424805643,-2.3054745838703687,2
103,87-MFCC.csv,-215.1783154220001,125.61695727753944,-14.46386488688001,37.95793345556536,-12.554615466860298,19.03206843000581,-20.409725086708956,21.1907551494322,-7.093002714869603,4.199297775229189,3.123366380712707,7.692238103902258,-14.131559281209409,2.735632712355158,-8.10887336304419,-5.811838127152985,-2.10518993710722,-2.315753282530592,-6.030785666082724,-0.5487126608489359,0
104,88-MFCC.csv,-210.8320516770393,127.37672756144296,-31.133037700530277,38.87615907268829,-3.9788877333889454,14.181561973755525,-8.187807732490304,4.352301075889274,-10.5713736906129,-0.9564315308416624,-9.004042400572093,-0.6709420286220388,-2.87618979298454,-2.74715268667651,0.4892034879733149,-3.937522128181632,-5.973748734797477,1.2435737556651107,1.0148714957878506,-8.373688574197407,5
105,89-MFCC.csv,-151.57092028610998,139.7291435274139,-57.05751906869364,40.32393593470518,-6.846025130729124,4.170036799132943,-2.21417546981916,11.972100912986578,-16.044422315016337,-0.6104329249668728,1.5960068882613878,-3.814154833061517,0.3211741202205901,-2.687238267419513,-1.483285923082016,-4.267370185436098,-2.847835827437064,-4.908137421843598,-2.5975689635892705,-0.5578532375358211,5
106,90-MFCC.csv,-215.72256065640892,161.72969335215387,-4.2331641683026895,36.56834186478302,0.4786215503090674,28.58913939271825,-17.463138283926888,9.04254869900264,7.201387546432296,-12.97087940190634,-12.356306653734086,8.33521238985157,-5.571556347356781,-4.567375548716823,1.1234287986130047,-4.709876687115126,-3.0872294412106607,-0.4880025572288358,0.4122014358486692,-2.515186909862578,0
107,91-MFCC.csv,-200.2084537660253,127.59013417694877,-43.82821923594216,48.22269105616558,0.1122864865035769,2.329214628686616,1.4311572825185652,9.780362728890973,-10.343378142278198,0.9118161962340884,0.2456127533255873,-4.978483333831189,-4.730483870018209,-4.09010094810106,-4.186520353452034,-2.7153339187104555,1.452582461634902,-5.188293419339854,4.026853259852423,2.1429254039735426,1
108,92-MFCC.csv,-203.18060282660045,150.29926779840136,-66.86835844792274,26.39001753766232,-2.361670654986278,-2.4149568334343723,-10.968485834455825,12.474022000557088,-2.522071736492803,-8.64143842373109,-0.9518832184841453,-7.326022241077373,-0.7607130914917211,-4.411129757443959,-1.4483898948393603,-5.467108236013614,-16.125844223048766,2.6217337216422654,3.525620486992484,-9.751047133481483,5
109,93-MFCC.csv,-271.8995269773896,181.8350158522278,-47.27804768948588,36.2224799165807,10.940946570457942,-15.524732685059922,6.817844967747797,-11.218436024341042,-4.073232243558302,-5.480764549725605,-11.600530400729468,-3.6250008155423066,-9.00356978450065,-9.706371918946845,-7.535380101005841,-11.51281170543394,-9.41116015157486,-5.614646919222689,-6.12255910817799,-5.539266428500526,3
110,94-MFCC.csv,-262.20857965590665,141.3229355618428,-36.320610845665016,29.1525712477482,12.398835791825125,0.9377343240746514,-0.5063681499775754,4.49113230422156,-1.6382549329347216,-3.322531901065609,-1.3785919988834678,-2.9568980812116443,-12.879472781864145,-6.842454953944461,-3.554358917019128,-5.40758199575928,0.3216327663440159,-4.623321899424124,1.7618077400656809,5.644737914775885,1
111,95-MFCC.csv,-177.54053877461965,124.51126088479418,-16.630042781082025,29.022941413845103,-0.3374990999694253,19.726176345469295,-7.623674027344953,19.145923867550284,-14.321299707539934,5.189547688275226,-7.31672565283156,2.667932380635329,-13.912180484774064,-0.462541639250489,-4.606019032069598,-7.0193498828902445,-1.939375312259053,-4.143779396888401,-4.202099577365105,-1.5960010471297683,0
112,96-MFCC.csv,-266.51789550126153,205.54303913485631,-48.38911185165868,-21.686138318686115,26.600771992445107,-12.77185873384554,-15.68461443294704,-1.173555471594709,-7.80848655636222,-8.141106128887987,-5.076098941877189,-6.1728480734819495,-6.419298351415192,-6.330586754971563,-6.020208969661706,-5.474032565806744,-5.3960933104715805,-5.52825193634921,-5.912528723834375,-6.491876932933088,3
113,97-MFCC.csv,-251.27388725313472,219.76219871986552,-54.478526187095206,-18.401544865082634,21.39916982579521,-7.066952257260377,-8.451086939298333,-1.3483650899943946,-9.1834073117955,-9.398137029574862,-10.720221419730004,-8.81475044983122,-4.920807532453049,-8.81246232041742,-10.792617157821695,-10.122009595308112,-8.138245215640254,-4.959980110074202,-5.017649538488472,-7.614212417079776,3
114,98-MFCC.csv,-142.85231164821295,143.312997082318,-2.8613800303402317,79.22003978792031,-30.221893706489283,36.401833313226255,0.5697018765603069,9.820816621023088,-2.744963072226649,0.6664547930557003,7.614937677051008,-9.14118628195905,11.85183422390601,-14.112748573745032,10.105463886683836,-7.516578035569207,1.9614908037889995,1.2571091209667855,-5.696105352517289,7.963775670777679,1
115,99-MFCC.csv,-191.5365357353535,116.3057425137145,-60.05821762224213,55.87953390911997,-3.5421336223960265,8.058239357582957,7.020823458382834,-0.995505987942097,-15.450918117402708,2.490685526080024,-2.397167708875938,-11.264906400019374,-9.773610931239942,-3.1074187765529238,-2.260235733179912,0.3710891790022724,3.996724237532359,-1.697242221428552,1.984640416356594,-2.0884685233079776,1
