,file_name,mean_mfcc_1,mean_mfcc_2,mean_mfcc_3,mean_mfcc_4,mean_mfcc_5,mean_mfcc_6,mean_mfcc_7,mean_mfcc_8,mean_mfcc_9,mean_mfcc_10,mean_mfcc_11,mean_mfcc_12,mean_mfcc_13,mean_mfcc_14,mean_mfcc_15,mean_mfcc_16,mean_mfcc_17,mean_mfcc_18,mean_mfcc_19,mean_mfcc_20,std_mfcc_1,std_mfcc_2,std_mfcc_3,std_mfcc_4,std_mfcc_5,std_mfcc_6,std_mfcc_7,std_mfcc_8,std_mfcc_9,std_mfcc_10,std_mfcc_11,std_mfcc_12,std_mfcc_13,std_mfcc_14,std_mfcc_15,std_mfcc_16,std_mfcc_17,std_mfcc_18,std_mfcc_19,std_mfcc_20,cluster
0,01-MFCC.csv,-237.71866170242245,158.86237878021254,1.75518867887902,17.29272572750191,9.288440401520358,12.593411001274562,-0.6576653228194718,8.882507947274682,0.0841200699784353,0.9332320138873004,-2.264101798866609,5.113392567702698,-0.7696660754456917,-1.0340658276033137,-4.096893941679167,-4.660513342903946,-5.384974578011202,-11.50696112341848,-5.987862909933487,-0.3155566439200944,82.46406076107272,35.92447560635413,23.3608429857596,12.352781334607172,12.413296082107882,12.032821764152498,11.787104287664706,9.05127361801235,9.700676825114986,8.923525210150155,8.967595255664644,8.294548724814996,8.411700005021576,8.355919689348898,8.203469730994199,8.30652536873926,7.605794233133277,9.953865161536289,11.193200573777894,10.681666191238133,0
1,02-MFCC.csv,-235.8437244865103,147.0838471126423,-8.683155704544195,32.9246656262499,2.9189753111560908,27.3834866926499,-23.358137278844364,6.7408657131795255,-1.851815223561885,-11.642129685780114,-9.470322224818014,18.184530021871577,-7.127946170260949,-1.838488481737016,5.443003337833819,-1.547317649890394,-9.721859328333974,1.5656938023858356,-0.9246804952514992,-6.975264636465961,97.01461533238376,31.50364672127361,21.784568373803367,14.751868918651008,17.21857175307331,11.178349092006371,18.292908166744677,11.676800282973456,12.989545805187158,13.344873403577797,9.596868838708794,13.145170367701304,9.541138564276103,10.462233313160564,9.973306142965557,7.416407983428071,8.702114813682066,8.23029586689019,6.769514352775761,7.706548943274401,3
2,03-MFCC.csv,-150.18066295874792,126.28624116837548,-45.66007227126542,27.686528733936107,-9.114286124089771,16.048515355586932,-11.553235245729304,9.506453104957046,-0.1081466169388008,3.474982265597191,0.1943813944561379,5.121798000584211,0.573001029977178,0.5127206309540534,1.789387688869336,-2.23484292026802,2.2194518106482364,-2.696843001686393,0.7417359616173119,-1.3352387862067987,108.30558353164665,35.746090313956,28.29365624475292,22.012269272107563,21.347659157013283,16.4631927208334,15.077688084196277,10.674038352927292,11.424138020676196,9.864643637564456,10.778793114546044,9.318823963157726,9.0976470285141,8.850251773505137,7.519822670371148,7.752603966293683,7.358786459217227,7.121599933545834,7.225797811350043,7.359269686457007,1
3,04-MFCC.csv,-250.22952076105392,91.38764727546024,-51.73082091670042,52.86267923684073,-12.547937414068985,27.3056432408853,-16.879980088590052,21.455667946430683,-8.26641765725321,6.6263750580328455,1.2492279097914658,3.236444080083353,0.7063469415028804,-0.867986675371893,6.860059164862563,-4.060022520562513,7.397014055976887,-0.9899122337489482,7.066877394316061,0.5660191969885924,98.56035795510608,32.53786253912788,25.43874272459594,22.01187140702765,22.00683306357067,18.57947999653997,18.913559111487107,13.041650384958878,12.786715129655684,10.801712963239009,10.775509649548578,9.45034574753573,10.480511542826491,11.148312328078804,12.263267701882429,13.47641372234131,13.726365704382086,11.340525767900443,12.724703981683309,11.802735517501642,4
4,05-MFCC.csv,-254.27760420761305,204.5799740739886,-47.36758184884531,6.151537940353626,26.69589807429246,-9.915818088784018,-1.486453190799122,-3.449071058849112,-6.206241928516042,-4.376030215272097,-7.425978537451026,-1.7905361561513196,-1.9635361050371063,-4.529843139776146,-5.138658537600684,-8.205476071134504,-6.730092026587908,-5.033222124829981,-3.6967901294379546,-3.186682608037664,40.44297633510295,16.821805691131868,21.122957111524688,17.64259426205564,13.421746997441344,11.495448491741934,10.910299888553103,10.251155903334256,9.353168868524076,9.44704494832247,8.81694601585881,8.546553085944849,8.576354420043742,7.834651358810636,8.108230576063606,7.832724268615079,7.610483415204496,7.271216508350373,7.129638574726862,7.096241230929966,2
5,06-MFCC.csv,-186.3854088679696,125.59658245832232,-28.138238779595973,42.85435718933006,-20.53209138304267,9.098547657868664,-15.062285397693646,11.646199388418896,-14.744348957559469,1.0684415222186656,-9.197882681647084,-7.401391792249497,-3.5760305872535127,-7.5444171675044975,0.8762294741531332,-3.627154789629989,4.26048966709654,-8.426299960092173,7.056357641134569,0.437515208252095,71.22693910501732,27.767965695825836,18.53623153117223,22.640653644170108,18.7834216335426,13.298541079069697,15.46663935120118,10.69271516595768,13.327093704699967,17.51625443397393,11.495066561126892,9.908041163706764,11.223596327931832,11.644765861162847,10.084696830243404,9.653030887302071,11.85430220355508,14.665602394566406,13.77859632841789,11.35651555229252,4
6,07-MFCC.csv,-274.4519958414242,166.65253411051907,-64.70450817098848,33.74015913156368,7.699390395051646,-2.1386379876507102,5.514648363338705,7.013633245675174,-2.3952109526493044,0.7807166406327983,0.9674590738026766,1.6187333182531145,-8.936951054982858,-4.524952756192247,-0.8627244293543744,-9.331088501207988,1.4200381758272609,-4.621646683669524,-9.151313730343462,-3.2942135126790006,77.5855952392085,31.070641154939008,25.553453242273356,18.21130869592906,15.791114254287494,11.78685632350827,12.940726882791552,10.576241725405426,9.720056389153404,12.370506847869851,12.026705055328003,11.007943862607762,9.458906911204297,9.466481761766053,9.457921453663394,9.17287533804344,8.912161863115212,9.43567856061299,10.3138126574825,9.30268594627599,5
7,08-MFCC.csv,-144.20637682320825,125.3911701635343,-26.565892589338063,40.71103307080956,-14.72171392832932,21.80421391180449,-10.32745866515626,12.090111863065973,-6.479905021614552,9.75154631745444,-5.704589145756502,3.5268227959022416,-4.021372153747297,1.0088939804166757,-3.5162528811942666,-0.5275703622093899,0.1780932897319812,0.2119963572192522,2.156522629831625,-0.4809166771331085,104.47966511833692,38.75082026671812,23.138984196062378,16.343065628998108,15.98116059252254,12.87933542867161,11.77566366829824,10.886800706504548,10.367380941366914,10.608809009860424,9.800122110848127,9.95504455100924,8.37387892391937,9.043974140261383,7.901215220565459,8.31482389331751,8.106065461907326,7.93580091623439,7.666347373650427,8.044774303362153,1
8,09-MFCC.csv,-262.479356047092,196.6630936450869,-67.14680301749624,-0.8448515379763945,34.50253461869563,-18.205024404872454,-10.262628180621546,-0.0538195584082907,-8.48354580894765,-7.546896484582474,-9.4433457005886,-9.495032224937768,-5.489535866123618,-7.103293160964952,-7.137121195847241,-4.331330980328182,-5.829325550434431,-6.556752914262415,-5.550672299400966,-6.562037547952805,50.72081781717414,24.566387370908288,34.38804898940095,17.56026027601231,14.287019976536484,11.910479938360371,11.11867168508672,8.594912874414794,8.739235064756718,9.439359777145832,8.63436451490886,8.713243826367842,8.732136236999883,8.30648412139123,8.66461451990928,8.312767880420058,8.06061854237101,6.903986152327724,6.472970697168662,6.8626484587757055,2
9,10-MFCC.csv,-190.55742535587328,192.93360966162373,-15.213036162732047,16.21895605235714,-26.91787714606281,23.6909171436048,22.871955429017422,-42.3262807364938,7.132794283718027,15.47430741509627,-21.514471639120064,-3.894304818031941,6.066715488057141,-0.4266297013316253,-14.56053343363742,-3.763283851980326,7.473021515209894,-8.25330305803778,-2.3295342851814462,5.014559273510694,52.643049484111096,31.00056946568324,22.204087176338216,19.02536259345709,16.228500030727144,11.50570719872636,15.002818674726752,14.769244917191063,11.844652587943186,13.270604990334794,10.377292799326508,11.946106593594916,10.590019561017598,12.736267757147791,10.19556356191525,11.730059507024189,12.732150385430693,11.460082388391744,12.111946861918966,11.522991827417654,0
10,100-MFCC.csv,-273.78716356244416,201.3564669697304,-62.71363430209114,-12.375645595330184,44.06129132458556,-9.08580565367926,-17.985152856113622,5.606873693022284,-1.756856074460305,-7.646543144843761,-4.142893768652842,-0.261467333023903,-3.065206912488121,-3.9137085459355534,-3.554244120367324,-2.94122278610746,-2.252978077783516,-2.266244156249059,-3.469333966913249,-5.12753435186778,45.73865903880793,18.16314265125297,24.34720951369201,14.106388154437742,15.172729070448185,13.527742915779257,10.541645934648082,10.025914382334268,7.918066594355088,8.225014963274427,8.433518780127875,8.15950467003355,9.078065124444484,9.652365035803877,8.545341491632849,8.532096763006775,8.42837459363468,7.596273157576466,7.025811759740052,7.057726038628855,2
11,101-MFCC.csv,-249.00047170999636,166.8911619694675,-64.62792756603734,33.4550283819198,8.120456112144305,-2.603316728861266,5.925979886828891,6.651478060815235,-2.1453116224963167,0.6490260723064412,1.040531650738414,1.646497934328857,-9.019208935719462,-4.492607296792358,-0.955645913346428,-9.290628750917172,1.3443336467693487,-4.568869891121463,-9.240071530448656,-3.2459400001499548,74.47456143191242,29.638100857830327,25.26964342892368,18.2014754709642,15.804306294562537,11.807810949462144,12.98023461823113,10.605870867948228,9.74400172240553,12.41360199851678,12.04419447899008,11.041851477157772,9.46164980315719,9.48006862893505,9.507139786619213,9.169860184400688,8.935570202212167,9.474166545982708,10.301207662232306,9.323276868524214,5
12,102-MFCC.csv,-299.24282115851486,168.27462727572112,-62.39687787967248,25.63880503189452,22.69674467279845,-17.575042735020205,10.652851297873466,-4.769844582274418,-10.94585584037699,-3.802581000873104,-8.213813889782534,-3.4116258746338546,-9.693541512976855,-10.088471588722271,-3.955745905727805,-7.061202920451654,-1.6047991306823828,1.3249884574258914,-3.80963096484089,-3.5651587016541257,46.816586971395445,29.33445114645,31.51452030872819,25.61204179967478,16.71338031191871,15.248256558582444,12.78553093913022,11.745150864765204,11.371546228236086,11.405921398167193,11.816096913297844,11.32665508703057,10.825506835618226,10.848532554999874,12.663641086674112,14.3002936741315,14.409116460600073,13.91994556909586,14.727814381366898,14.21445826886261,4
13,103-MFCC.csv,-192.36825298963183,111.91119736655855,-9.713345551362837,43.87446231667132,-5.84302411454459,25.604707807412552,-4.930209536021368,11.69462003450348,2.119245546562519,9.522237785404204,-2.65088440700235,6.812910372395733,0.4977926489260189,-0.2080276599633697,4.056976177818633,0.1907022897052758,2.884518293121473,-0.9339502990694584,4.374451036465818,-0.8135781208925325,113.37892345800776,42.15103758180876,31.796110141931106,25.012736003328712,22.771433753423658,18.476167990542585,16.95474230485128,12.163888031001427,11.302654003721225,11.26604794339084,11.1487172895181,10.278958021273947,8.243606015034503,8.507817647263169,7.863967114057042,7.918333437864897,7.269120814347453,7.454046008028833,8.142717587172077,8.697685790236052,1
14,104-MFCC.csv,-179.18079559943126,139.6301558001588,-17.536616011085297,41.19750925439055,-3.889618198008984,9.178953237455795,-10.614070255517555,11.215174801685055,-9.411103099471934,-3.671835810090087,-2.4097403207973858,-3.8944889660396975,-2.443553124060243,-0.4565926787262441,-2.666836535012236,-6.024030318345439,-1.8722998838957168,-3.870153419791883,-1.509523961245942,-2.3296057103639027,63.09742106934041,31.39909267042064,22.45345293988059,18.98287143320806,17.376617494897314,17.760763149063738,16.17802188734865,12.786110200408409,10.545078237777997,10.968147541437396,8.661794100050654,8.937677476971835,9.485463875731831,9.598587410880212,9.326304890126131,10.618757776695103,11.71878310622029,10.29099666876882,9.42425623849684,9.870079979159902,3
15,105-MFCC.csv,-321.78905867244737,176.86629926208687,-24.181390978098,7.84032393727868,26.076428355971352,-5.311937099719981,2.226931726220244,-4.19439589297065,-12.839254773302953,-1.9724950356765667,-4.23793352237384,-12.219895949277875,-10.071523721927145,-5.097301734321644,-3.7497506124885502,-1.8997971311968271,1.9656697758427035,1.0553376354751336,0.7082667462380141,4.073622998330204,43.92630011315117,26.79263534342679,26.749276613060104,18.661371081387767,14.961421339161976,15.341394509976777,13.924125430575124,12.523339110919194,10.732269982937918,10.60945122387776,11.931990581211222,10.500178284125536,10.635236312229864,12.555151352110997,14.770017238179303,16.871550193163824,17.742177685721668,15.406400230864431,14.49275529616752,16.45936812917471,4
16,106-MFCC.csv,-224.38594550471765,154.50863481401157,-19.5664650936834,30.075870632414624,-9.324554616051564,6.658399064830974,-7.981512074692342,8.81477499557539,-6.016466959554082,-8.407490756466148,-3.4798821676235594,-8.413814017199137,-6.9163105974520365,-8.435210185083239,-0.2692284551764101,-3.6056006144231536,-1.3091532201236975,-2.2034278288852285,1.664655137505734,1.6030846612157388,64.3555634231824,29.61369574805992,21.66255395863878,18.923564864988847,19.866478130485884,14.215392846467685,12.00790190502471,9.41708927821051,9.282472112332847,10.29918101657248,8.970254203205318,8.426807138748499,8.505545548236627,9.395727657706392,9.1155837766427,9.210515784305958,10.195594655508582,11.895620868669589,12.877161384894825,10.38679076908455,5
17,107-MFCC.csv,-235.69269012113668,129.0484230487251,2.7272091072786777,38.13747432924699,-2.542989673408516,13.58189511824945,-14.773740252173104,7.218298051778746,-16.439667773040206,-1.5510042305981089,-13.573368648497643,7.574417422101013,-5.587443163901153,3.816599139642788,-8.305103560185083,-6.6793237650057256,-12.710629458244709,-11.001516941583631,-2.9405429228597764,-8.261320296529853,87.25837330005614,29.62252981267149,16.904196090764113,11.58064355805187,12.532378720493396,10.65285059582762,10.201442728361323,10.630507729846862,9.838137314016103,11.771279710685322,10.227407098215789,9.736128542049372,9.460986224512132,8.608031369090158,7.654359273775814,10.080214246453725,8.340958674321628,10.495885955212568,8.983698845663124,9.34635627711744,0
18,108-MFCC.csv,-195.4973555553485,118.35905310422808,6.240523838211489,37.02985981394708,-1.967978098840049,21.487969674217968,-3.867421113861628,8.02437875000528,-6.300256873166134,3.284708703185238,-6.69722182668135,4.078170052725295,-7.586060619693944,-4.5298018459226,-7.095686342362718,-4.750848673634279,-4.89915480542019,-2.6173294982660065,0.3029639467010712,-4.18781788109959,70.27454428354618,26.27927768485664,15.60948002147476,11.886290665984506,10.39256778900446,8.835675790756039,9.783391213715806,9.485768593569718,8.205342648207068,9.413549141983212,8.268737071185438,11.496140554307985,8.732355624170978,9.858965382337722,8.29004128300007,8.784306253490906,8.935356133227494,9.4577801946089,10.041691624076147,10.780808703068748,0
19,109-MFCC.csv,-242.60892658595975,132.6101686127104,-45.9749510242229,44.299447201178566,0.5545954866947366,7.271336495332594,-6.19616562491753,3.7366541008681855,-6.865593872671049,0.0825060442269351,-7.7511866293043346,2.2696636874500937,-12.46937831708694,-4.681725850427552,-0.7963041340821749,-10.888273522658832,0.1135991920546106,-8.707148211773642,0.4966878874813947,2.7704916861189623,74.34734286074145,31.53355764295185,26.40740665267454,19.46958498201321,17.547386218458172,13.305123833243355,15.131211711255329,11.755376131077366,9.571315093993226,12.33156915993591,13.688126905975126,12.179186266304743,10.595830564189349,8.83265835063079,9.869663153330604,9.94313769280878,10.019519806171033,11.080494774479774,10.1747150977242,10.920522319637014,5
20,11-MFCC.csv,-183.53098410685328,119.3190690118757,-55.60060715805056,55.8837372202813,-0.9497220755037412,11.837482780085477,-0.5050063943772477,13.019295401036926,-12.293830275657598,-2.961638308850598,0.2999290981915415,-2.751924964492445,-6.417708833415416,-2.332142566889553,-0.0151174476385385,-7.7377681366059505,0.3205225327865613,-7.171132325840244,-4.60202062416301,-1.4585453721177162,76.1554548258969,38.44659480001926,24.077436618867463,20.32999540721081,19.41004007794005,19.011277423422246,13.41077085207937,11.420532416207502,11.03114499929436,11.122386882829302,10.028926120314551,9.620010436007234,9.291130262903325,9.40983097588225,9.325538736344452,9.067468444918523,9.722473690671402,10.427610254717248,11.36835210454254,10.86999826810917,3
21,110-MFCC.csv,-216.66597087744157,160.63948353621203,-85.3036646372218,39.62193793751042,5.02155487446185,-2.1714290622876216,4.24802843005492,0.3721270598382102,-2.574656696864697,-0.937116182776384,-5.270299061997117,0.9780035434812716,-2.68093840259373,-5.131587568051447,2.39993009435226,-2.02149706694476,-0.0698615676898412,0.0787924734424862,-0.900160614188809,-3.80955886282458,91.17876437875094,36.25554306256531,30.17315483822193,23.216248723674,19.07778673338358,11.007392846044237,13.497115988562866,10.131349065007646,8.845021906876768,8.621498094979499,8.416218893949637,8.648212136175223,11.180368647230464,10.468608086721268,10.2675388902292,9.945223757640202,9.299991708210552,10.661829935561803,10.083526503399913,8.573731318168074,5
22,111-MFCC.csv,-288.89716085321976,214.3286166977869,-51.99884895461682,-28.166656624580444,33.688046784976656,-5.59845336034239,-12.533054102102431,4.286872509636091,-8.856321467484552,-11.915167986110726,-3.904314452869003,-7.507768853161479,-8.397685952343439,-5.597562869221383,-8.033307627565051,-7.914481305306429,-6.263791617394287,-8.301330834784858,-8.260034983996636,-6.194607592002456,38.810932697149205,25.943081770439864,20.005242887307656,12.689707413845737,13.554682788100642,14.71053633233882,12.571650180873265,9.738749301471874,10.496712503533642,10.197330744807244,9.909513062803535,9.576947095091576,10.06403560144578,8.90590692778445,9.617972509123398,9.077519083003972,8.194517429131642,7.574068923284626,6.8082756611660376,6.214750063370387,2
23,112-MFCC.csv,-168.65406363105697,120.39879962013912,-51.98206443768888,62.12292859118919,-7.443176801387357,7.895172503957531,-0.0496611534699707,2.746647030451285,-9.32165235137216,-0.3672806751178962,-7.375366268011105,-6.465914902481838,-9.725398814111204,4.542660639694494,-8.63400871110816,-3.203578283662869,0.8871547611322363,-4.519141879491909,2.1235487712299657,5.150478152644408,76.44839728195619,27.38816057913504,29.59320529089644,18.976602181623104,20.51323773014452,15.662900724459838,19.538055645999435,15.700359761970264,11.733253922727688,11.396887412645109,11.256557294432344,10.779325174102205,10.183700532592985,10.839285379975223,11.330335967483895,12.137100170276204,11.627394176070355,12.749223815538524,12.372515617772107,12.965766352667664,4
24,113-MFCC.csv,-167.87662139420607,115.05270959900936,-41.86506809435111,54.09618339882221,-14.122588451300487,10.78085546057685,-13.115446476161123,13.095929549787613,-12.418333981883494,4.139383291544026,-10.044515367522353,-0.14222724476888,1.5071624706097115,-5.320268642107927,-2.185936247647502,-2.8662914342734256,-3.4511729214344515,1.4824945346119422,1.4725025312467417,-0.9002433405007907,77.53048693905586,33.06580408353477,21.804510196335794,21.25437627723621,20.39143136218687,13.952112199447711,14.582556025680525,13.836932005260486,13.296702874229275,12.293376729856416,12.462055287342436,11.877971573846583,12.45030669916549,11.76715932365322,11.569644101609295,11.492532735147158,12.231454505146727,11.008773051657418,9.263320345243043,9.772045109841658,3
25,114-MFCC.csv,-172.66251892903952,144.67929272872186,10.357488899795356,44.93481246139381,-11.137969652831451,19.137407318871663,-9.315156864023235,8.635800628169404,-1.103593226236793,1.1482362616986208,-4.808143795728684,5.608489045083955,-3.599040899057078,-2.7781015283934427,2.3434893769670597,-5.241397174547533,0.7278173919225358,-3.075689974720643,1.170967274071112,-3.628826918356879,91.16859532077112,35.57353353548647,30.13603219256342,21.66794150451015,17.488774993282355,13.823799906185188,12.998789030319225,13.098835232841532,12.002910523723378,11.797865538642284,9.743469053900403,10.116467477232034,8.197837000721073,8.931578757283976,8.10186141891982,8.136844992925347,7.150679511478001,7.243352316631096,8.358951700733916,7.558448186368706,1
26,115-MFCC.csv,-257.2657543996345,158.38112316161528,-21.025812014358788,24.797196846424832,8.964246751268348,7.205622262250465,-3.1166038121293824,1.9454681866813088,-2.212024560392396,-7.26022871865101,-1.027406455863822,-2.0465036301753945,-2.680178623715453,-1.6267556422361922,1.7713381307130496,-0.4508234484988362,2.5277654324937004,1.7010207301848832,4.591745069350353,4.9852122541409445,59.41204176580381,29.312932185260927,28.94936890915956,23.43216394848292,18.1513887028988,11.38317125097917,14.967296224432411,11.39640194816154,8.63716294962661,8.57677674435988,9.034395306029952,8.777309663606992,8.602517186521679,11.790478519537816,11.401264811313212,12.000203637626964,14.122144346637754,12.35020280481801,12.993398325141223,13.77667590125935,5
27,116-MFCC.csv,-446.82791785608896,147.43990009286765,-11.771916271599531,13.113227446651338,11.84556634752908,-6.243413910858607,5.906643281345776,-14.1244542154747,-18.59365917369336,-6.9340992420863365,-13.15213695724954,-5.314703201451215,-0.4471906365880447,-6.096501617575731,-0.5163293256266444,-5.165573241509227,-10.603869803826267,0.4163304824635527,0.2658537727818958,-6.877366870180773,68.8423400289926,37.23887106613893,29.31904388166693,16.823530621166263,17.312401710430745,18.75288237125488,10.186958480775662,15.13747891689009,14.785542176840504,9.451754815775672,11.237790619492218,8.924477544959418,11.790770673703287,8.218959740446685,7.194787702201213,7.532353684321146,8.596888919071745,8.093479573072196,6.671994359590288,6.662443564203195,3
28,12-MFCC.csv,-236.78548678947936,129.07167511550216,-36.24598961966337,47.1322563352165,-5.926926538788711,18.67709558186499,-11.778756577450366,15.33547858854782,-4.014866600309833,0.9907547967369826,-2.4118593385066807,2.907276385430969,-3.5019937599623936,-0.5161363325562532,2.1080205351580728,-2.3204438735705244,1.881560023695215,-1.1905553333481742,3.743996409865662,1.5231266945612638,99.52166479627014,42.7066556869996,28.341441870178198,22.83241908248169,23.295770888942197,18.546786357339577,18.0214294701558,13.720118586908413,12.06433070656405,11.208995192877522,11.929002715569762,9.912955679316669,9.965505971072202,10.150192435659037,11.325588623302457,11.011640900353507,9.954136938021282,10.653300170977287,11.355273104497789,11.219286288642994,3
29,13-MFCC.csv,-179.81756736086635,127.64358911213225,-56.67462015851902,48.58187334524196,-5.484442067249063,1.9079594396467117,-5.222904765731836,15.114270378028628,-6.551330528525414,-2.972733733998348,5.342264009653562,-3.7280956869441706,-4.425978976783348,2.468726513899516,-5.014691445937649,-0.5414159245465016,5.971312643451835,-3.985651650890562,3.260712948169343,3.40779233736302,66.3448320817706,29.897268915226928,24.00919517033634,21.316447428819508,20.92409748428942,14.808157239222258,16.167959716113845,12.939448673488702,11.574165696854008,12.007823848740529,10.898922588779046,10.75595920088598,13.610447766229347,11.044773395010791,11.4537635100956,13.46928039853777,13.97488096640586,14.726845912539796,13.02982614477878,13.481031333399873,4
30,14-MFCC.csv,-180.75228996101544,117.94978938528683,-51.41017149103498,59.52760933122837,-10.245752265269545,11.323505123314552,-7.792267624531003,2.521790399575133,-6.297141386077258,-6.301293870444321,-4.2092167553557,-2.8344589179936786,2.663685201833834,-6.934862415647765,-1.5384603423736538,-2.1152412693733798,-4.737933905961901,-3.497907403248319,-3.2474431457264554,-6.286975315053753,71.69687173822595,30.270999575240683,21.165215710319487,17.710730976057366,17.50540929797795,15.53035321855353,12.064833716605468,10.500487365921984,9.28215891757695,10.667159489532317,10.10642366762247,11.054814084490044,9.05254070534546,9.000585342020333,10.76860104660436,12.123550927055488,10.256860355554911,8.861870180303951,9.632505124323268,10.230660415200026,3
31,15-MFCC.csv,-188.46061158391103,134.59374549247232,-43.96769304074376,38.4891619525613,-10.35160389777483,26.751260002478038,-15.493621112760987,15.33402444878408,-6.966723568623421,0.7149609705543836,-3.1392672667443877,-2.614197514591432,-5.999768015818267,-6.341965406529592,4.59122915912725,-4.3495805061822175,8.819987370712129,-3.8385128513053264,3.9626399762544313,-4.646893567843185,65.9259129452402,28.2839862676279,21.81578152201124,16.579864985308564,16.29056864083735,14.22110925943917,14.998554992640509,11.056876294347308,10.726005043567818,12.029268526184463,9.84638463662618,9.308980616462742,9.108432171196206,11.163412678316256,14.112425868304111,12.911174510112575,12.516455734692824,11.75197360780288,10.049276408469218,11.529683997137486,4
32,16-MFCC.csv,-291.6690605585113,131.82035201258924,-18.689758732072907,34.79483954353178,4.417620140736464,15.549055989583042,-7.027535916705945,2.356743414402156,-0.8452698705555761,-3.747344417197589,-5.787859216637611,1.4578417406698536,-2.84380493711487,-4.104140029389541,-3.4311108990058163,-4.650644968328645,-7.149868388174562,-1.5972598038584238,-1.2881665330915055,-2.848999492210314,144.82304980614953,61.56752655879868,23.935129281896494,22.30686964415824,14.23371593502636,12.012024776766957,14.51185157524303,12.274365084681532,10.864008153111266,10.225775180984412,11.597641744338237,9.60156705170838,11.41645567131358,7.694034937077821,7.322123641401141,8.237222944873459,8.31442797918492,8.27561363845282,8.044786968056219,7.531414067548467,3
33,17-MFCC.csv,-234.52361797002115,139.56380725669348,-2.6071943270148847,36.38247005107172,6.479841141409917,25.226485865277944,-9.544026573527876,1.1934457186738698,6.431837925336857,-1.3179099155388037,-14.116016797724637,6.60615551171642,2.9492147019027493,-5.575260445482431,-1.100273172328894,3.859300425980256,-4.1263632396247285,-1.7533042047652063,-0.4236342434416305,-3.138693347164605,111.99381096329668,39.78603124744927,28.965198265210446,15.071943056643848,18.619742379253797,14.423577988549392,17.69534561515535,16.11471036276671,14.163950037408329,9.493907014262906,14.5678780464298,10.343149686089156,12.16008502669523,13.320975803472908,7.30922612623544,9.089794077345882,7.868963044679377,8.221983899621545,6.841805344944522,6.142852944194212,3
34,18-MFCC.csv,-242.4258505507979,200.31277828563697,-60.63207987853693,-4.796936965558856,24.74175626828245,-4.135575665712901,-10.57047877098496,-2.6792804714156766,-6.690201642473622,-8.272401083153328,-7.7674626840372305,-4.355859652195401,-2.932386796947735,-5.229223953166377,-5.205350089457181,-6.26278893402288,-5.635074490040839,-4.655587933836498,-3.646424935837442,-6.219273256970393,59.065692708971625,23.09219288950613,28.76577687376321,19.574779849256597,15.437424171729564,11.10754870636324,11.271803920912811,10.270217544238928,9.012945327000368,8.317749464357565,8.650747925952368,9.466771924840732,9.371962258612086,9.09839840117068,9.055473580818145,8.315718675480648,7.639249741501474,7.258553049718183,7.219937727232343,6.985274273729455,2
35,19-MFCC.csv,-292.15875689309286,123.40434742188002,-62.46895690107934,46.12898894224457,5.8812859568384575,9.57004434609224,-8.220032692490337,14.332076844207377,-9.665612923531484,-4.506517702264307,2.897130925365972,-3.270265951966876,1.3646092510703232,-0.0932403266207432,-4.192762059648508,-4.55630481043268,2.6782386955597914,-3.19537375908574,-2.064740229303304,-4.030760803497042,75.61411697070902,32.73278504995926,23.82659733590057,19.744091607504576,19.838758704755893,16.356423010468532,14.63274097426534,12.710253552500406,12.007257067721527,11.947917849361684,11.570752665785582,10.980259449156106,11.943474624119988,11.629114376170977,10.741465001189006,10.688057221532553,11.4067974091235,11.004789198568368,11.397572609544492,11.086669823132809,4
36,20-MFCC.csv,-181.30320967819628,102.0526364028331,-0.171024163925677,51.25655465322441,-6.336484670646658,23.923538880497432,-5.965502149730526,15.13169409742969,-5.060888130797625,8.914865974585611,-1.698533493044343,8.600365118304866,-2.5828622611948435,1.536348742770173,-1.3924789687031955,2.664131517149966,-0.8053227965049434,2.971385890298258,1.3736339990257953,2.000269164779784,101.4337773279504,38.81343661494903,30.017310974665477,19.623563364202205,17.151503220614934,12.69548660374379,14.29439502087538,12.016743403519037,12.492508303420855,10.212805396502754,10.194530328572908,8.827224899126357,8.672737213619229,7.883719009517722,7.840710218593288,7.462527507604643,8.195601851290297,7.754669209072015,7.774583208090696,7.547111174140959,1
37,21-MFCC.csv,-202.2113841088245,110.50203299454512,-69.01847152769282,61.39147377778408,-4.172113034444467,15.185266681207748,-9.258728719683289,15.88069529690152,-0.8310693478783178,-3.2041767089038258,-3.2491116302064973,3.607909770291145,3.1364972659335733,1.785712559822246,1.613057849016959,-1.0705788288338665,-2.916687180190725,-0.7491989875417355,-3.543705113532697,-1.405788828348038,69.3421466166652,33.56571952620761,26.53212093383926,17.4935135202618,19.89861916860053,17.26370824384042,16.02633889903449,12.81450275266308,12.607881658662048,9.524475620152092,9.131608056505607,9.912860679694314,10.262887906053368,8.854023752523336,10.749111369054738,9.968246425672945,9.972265504132055,9.76301354922937,10.066414921367404,10.325377294355125,3
38,22-MFCC.csv,-213.545962094334,141.45606027317118,-42.27276007146964,52.38770960571776,-7.739217947314732,10.723225135938057,-3.559885090126763,12.72414400125336,-5.46996529432208,-0.5066957920055244,-1.2223172526005497,-1.4002862260012132,-5.90708758435083,-3.7854964014902825,-3.516450614327483,-2.5935569549159374,-1.963071904656754,-4.5538446976865,-2.4856479037473624,-3.4358898503479955,85.75684628104118,31.250342463434528,26.439955950853683,18.1642087670793,19.091844225019333,17.074983649383356,14.484124013686667,11.21799320354702,11.183851584254889,10.409368567957433,10.587046018950955,9.007949980242394,10.257077013439092,9.155941452430186,9.148355452301224,9.41044488721197,9.782018019827351,9.04665654933143,9.36611500181974,10.48265055734202,3
39,23-MFCC.csv,-228.63566870566416,183.54724498079955,-39.94463712797936,8.930882583940525,25.459027942108488,-8.492074752552211,3.480706781253984,3.747267514234421,-3.6522992251822495,0.9503033038367388,-2.821285847925459,-5.352515899297546,-7.640732030130737,-5.301525292895509,-5.5088915145404656,-5.240810573678824,-0.3511784083668761,-0.2557261250207757,-0.7791192328248093,-1.5103242054567865,62.815112461253946,27.952498141210576,30.63529301255829,19.62065944163876,13.307529730925154,12.669142396411306,11.830238819438362,9.377722715915125,8.547526010886129,10.14359609220242,8.629041301187012,8.320761394831909,9.218322352624751,8.865295555173905,9.261565326902431,9.99000142723972,10.762331036394215,11.822527507172644,11.21813106703867,9.723499788936516,5
40,24-MFCC.csv,-241.7805581763172,149.2503089452184,-19.799927025520194,40.42328691499778,-1.6543706942400689,14.129500672733991,-4.2694946993477405,10.185334110276814,-1.444645060654818,-4.427418999020366,0.6340031761441463,1.4973712451171155,5.043750833438788,-2.240877870568145,-2.0489400948796344,0.6952328505367018,-7.768426175672147,0.8875569464536326,-2.183571803855402,-3.7235986439022,93.89648889622728,38.95983227422224,31.003687614216584,20.37283945799912,17.092714612065166,16.431964031840668,14.185111501576271,12.940849638485732,13.89418149141162,12.52263847306192,12.178351861704591,13.196835730907049,12.6530117071809,10.538208203635058,9.667047086686704,10.521621516843952,10.4280116989345,8.462698111836357,7.671184786571288,7.740291261240481,3
41,25-MFCC.csv,-258.7238855178894,139.17006839919932,-57.794580584077096,30.17408791194688,1.6298069798643486,3.2208593639010137,-5.009722722440694,5.242746528400289,-6.240127382439571,-3.269900715826497,-2.4926247284749725,-3.823210772015558,-13.590279879163086,-9.61326481154699,-6.486075545704994,-9.87900864959533,1.7364005303235308,-9.388045274797385,-7.090794135513667,-1.8805385654750075,78.01219666159956,31.8867031684736,26.50650330086676,22.004200599455704,16.84782309412546,12.861633026384146,15.726970600352349,11.12807020893836,10.15051305988662,12.43213274482533,12.375066447889642,11.169326161129426,10.831164368480346,9.642924447003796,9.48126783636364,10.32340122552412,9.767867519595857,10.689300427635075,11.970596563294674,11.38463131433592,5
42,26-MFCC.csv,-274.56309505931983,228.1581556633124,-20.275205084684917,-28.187546790013965,25.42921076417216,1.1807023841071491,-10.0597547879482,0.1756382235364802,-6.190987427096106,-5.469362896193728,-2.9359127583948825,-9.539672109843917,-7.229600166427244,-3.807801013617692,-6.264737225683135,-2.645899350924213,-0.1053738923199469,-2.8687553295898867,-1.9392424421602952,-1.8964308037684217,29.80142407252831,19.27442280620248,16.075216543413926,10.782750377427686,10.78467740028364,9.649241210868627,7.768407902052102,8.38501352499447,7.292985327511224,6.966246572940252,6.750768073593327,6.92750801246805,7.136967838859682,7.290206667984697,7.7671346066032,7.807368245719592,7.808427173736117,8.562763075979435,9.124252451277252,8.482202925182538,2
43,27-MFCC.csv,-300.2364961933502,146.71681764804032,11.905920811011075,36.242788947449135,15.137906037027197,6.872836294423904,4.66301858924619,2.719327516134188,3.5311821721106025,-3.033036879422629,-4.657952052662103,1.1743420504717148,-5.16072730242209,-1.657265520385144,-5.644983820859515,-7.835014894186779,-3.4606969466463644,-5.648657266164827,1.1738209884576625,-0.5815042070546312,67.68034909604684,34.03122940795762,16.656507124894997,14.824544238605895,11.229921124728657,9.555904459113089,11.916825227432078,8.856168227267508,8.785018756660632,8.676587586001183,8.571512913853008,10.02095048164067,9.384147060766974,8.02396921782903,9.51490252828768,12.889289015358305,13.535846981646335,9.307446079151292,10.32124625938889,9.68602916067596,0
44,28-MFCC.csv,-262.0366368860833,195.7727786225988,-44.82603717931725,-14.836060902017485,30.848446979246194,-0.0995989072150873,-13.38608715328378,-0.4647373897302168,-12.428827452397169,-12.907961066892494,-8.43964605524849,-8.268573699773741,-1.2572733796413396,1.059816532491962,-1.273291942715717,-2.38194443100545,-6.635709004329001,-13.696860884685012,-9.435147943022711,-1.3918026067000375,37.57867158829734,34.41571806343865,22.99104793656623,26.658341681438493,16.433769054503678,12.731170773725944,9.817960872186273,9.561630450330746,8.631401521900234,8.632471398211152,8.185458131883882,8.023027350840058,8.340102217035279,10.266826603708775,8.872840278478261,8.233089204109811,8.531169339554285,9.051311092553116,8.413335177650346,8.113297815597432,2
45,29-MFCC.csv,-289.67562860068017,197.72887763777288,-40.27947558108494,-15.423190993258997,34.938854849939204,-13.17498969156402,-21.57160686910331,2.082643886326192,-10.597461769357563,-16.31133705916585,-6.889247880177401,-11.274338876919314,-11.242540245641097,-6.390717515313439,-12.133364257287075,-14.07394445289634,-9.820762356522293,-10.60020052345869,-10.499632408903867,-8.300018179252827,53.49440551659696,30.176480000356342,27.27090733000385,13.148088821373502,13.671698244629775,12.63091983466279,9.526473804549576,9.2848453099304,8.674331307463998,9.859353635598412,9.484807241285928,9.86414757782386,8.370214098787311,7.680836108625358,8.57970257357969,8.113958001388067,6.769338702331234,6.784952305835072,6.030932092380225,5.922995358120919,2
46,30-MFCC.csv,-237.3081320990696,139.6376240128066,-46.65350543881191,30.504778472325157,4.574846041240007,7.784842399582281,1.1899689688955448,7.960593842354064,-5.573358463600991,-9.629945422261788,3.6996062130130567,0.3555949704538323,-4.750181105308992,-0.806693381193672,-0.2917808292758557,-3.4231665798075577,0.2348752158162944,-3.294260943853381,-6.460665340036193,-7.440656340311332,73.00465814030007,26.925624934092617,25.65513241696737,19.223751880139467,16.07992983111743,11.52561356695648,11.957351400202665,12.835707242322025,10.214240112642846,9.637072133028216,10.896151431766585,9.336440430868226,10.548891858021154,9.231377772064569,8.898705057437315,8.897659424216208,8.486870489366483,9.45805607683361,8.473726310286375,9.995925568681308,5
47,31-MFCC.csv,-249.58405987283948,129.59221016676295,3.3965793466975995,41.21356003794013,-21.33416772930145,23.90396696763646,-13.273830357484735,12.73688282776808,-9.843165123344669,-0.2926858889563413,-12.696129371361131,0.7311896340102193,-9.042370068937949,-1.9751788005572828,-7.010319426968251,-5.138718606560984,-4.364898416689711,-4.494788623710715,2.7358528566675924,3.678346916105305,118.9609526355614,41.037086260187294,17.252538460188266,21.69232186137416,13.012094379605855,18.45882094576308,11.52286530782434,15.324374103831143,12.905687218679828,15.255159857754808,10.83060082103754,10.79191658552492,10.177431052918896,10.810363047038292,10.399507455151625,8.291692667217616,8.407551734590692,8.94849754350784,8.759308202068503,9.932087077826678,3
48,32-MFCC.csv,-209.59829620168043,122.77819854763308,-24.613982074831185,47.40994748847119,8.83777272493424,18.728861663539107,-3.782980796535399,19.368632578990063,-7.0576099027195065,4.44360072296218,-7.864526316720296,0.0664313613690164,-2.6853486712659937,1.3166448190243076,-6.018172876576996,0.0702658307531124,-7.436831804421924,-2.001463831568411,-4.085258066047708,-4.197394165164954,93.88466013774058,34.56003259535333,33.55504618882606,22.67434930267228,20.13143126178738,14.993199286137632,14.220700628416438,13.941345502519052,12.492202785381474,12.04241870015809,11.119055773875496,13.290794534615223,13.23407823454838,11.896877497045764,12.416454129565096,11.545918555355495,13.003672759750872,11.251386813374058,9.949146190766946,10.163594427709096,3
49,33-MFCC.csv,-249.71496732798812,115.09544780520883,-50.38658268268098,49.44071614919701,6.071020120295762,0.2118044438913135,-9.09786314260875,11.847553786135204,-1.2855184930953607,-5.189024539022526,-0.6835784481306871,-5.096513279092226,-4.9254815148743605,0.6917158886763883,-2.690624162565873,4.834702407772648,7.52931092370109,-0.8423856688240973,4.107655958752204,4.938225097965538,75.26672644515241,31.016823859029756,29.84195377549283,24.054712584781857,21.989919030978108,17.709815006103796,16.7066842872412,13.341041038968038,9.804204038809084,13.469419650488865,11.994044931546336,12.64811795703806,14.82143427578194,14.877721910373616,15.873741254796222,14.776109223191764,16.347993707464816,16.92274747772732,17.016202917322268,17.289795824774025,4
50,34-MFCC.csv,-264.4388778817959,130.56210291209192,-12.473621297217615,28.09263220998825,-11.431106223997462,13.99777856358436,-17.972220413744807,5.077435726656728,-10.527490755738658,-3.713459698939407,-11.063491322196969,-0.2318428311965461,-5.903874409085376,-2.002803476047004,-1.2465469545679613,-4.0783482145120535,-1.379032637117556,-4.682739017446432,0.7225551659417686,-3.3271313670933145,131.42087540809013,37.177246958929246,33.81757709671968,24.68359186802164,20.26711951456541,23.46829026481977,14.039597092364408,16.37322128717321,11.065204397632852,14.516887253529688,9.600090918511508,11.102459674219569,9.707992154596448,10.05255651205844,10.132336713377295,9.477139016544108,8.995503562987857,8.025812711740558,8.499472161785693,8.227403741426809,3
51,35-MFCC.csv,-210.63835563101895,149.44367908234202,-6.940869963789545,35.597305532867615,-8.700658698227004,21.829635212791857,-4.993530135743643,19.04341047490624,0.0633365790620697,3.6020714081406027,-7.868268812620763,5.0774954833334425,-8.268780345722385,-5.875685956333296,-3.852396585928362,-9.052941102527615,-0.3616105332147053,-6.296980371951373,-4.60558380821842,0.1052124262997618,79.33282961774394,30.14848043510753,22.68157657112552,15.105250260266448,16.35488288268901,11.345505510394622,15.546153475790202,12.244967275701368,9.902638022543576,12.153020768290052,9.282742334436117,13.155615486366605,8.5761789983299,8.88463657047925,8.033371544818213,12.788163265610676,11.277675475822347,10.19528833471558,12.10128281317017,12.360970800977244,0
52,36-MFCC.csv,-182.4957884389948,149.33392290493157,-67.4410849641825,62.12839279702849,-3.072479890828993,5.958277979101384,2.403044562108653,6.950452286229016,3.2595034320526834,-0.8203404645169802,-1.5770979074225866,-3.753695961446936,2.4284477872808243,-12.17698485182038,2.064775088908527,-2.7481876714575586,-3.7329247835518022,-0.4607701767479524,-2.568384414006712,-3.465955517194449,71.8015024676447,28.47559700894393,25.509526678916856,20.6004660637735,19.031019465499355,13.22190339906554,12.768985852410468,10.627872384202671,10.351132631024992,10.057478805903212,9.063653414491744,9.358638675417742,11.20933744479441,11.192781843050051,10.41535080027355,9.528369139404855,10.595994313442109,10.564752422571614,9.974397120698296,8.958082024164561,5
53,37-MFCC.csv,-176.7258215089956,119.91974820276732,-53.19833577790973,62.807682311078096,-1.1570931889832543,19.68420047878254,-15.47394789945747,-2.2982489888315887,0.836911005640442,-9.50464358769386,-11.024560267205327,-0.1790205888408744,1.939981109343784,-7.985136093449017,-3.8821019890241497,-0.3567334057996937,-5.919608495955551,-5.071854237163088,-4.840172917477978,0.876894495984892,78.52825719751114,33.23315132561278,24.01924141445368,20.26796107579561,20.95341919509944,17.830607217859736,13.897921514479952,13.376927375039656,11.21146516328939,12.830868262714636,10.940582022698672,11.35971931032747,10.308905339770543,9.957103312355176,7.803062635679337,8.935835262582753,9.13859465853077,9.582393946791258,7.7168113065183,8.079894141844896,3
54,38-MFCC.csv,-292.2206344029606,198.44558766434716,-15.10980393726758,-10.039021168333,23.16799115973484,-12.591418971359914,-12.845184087889852,-0.0585588128402186,-14.620568336654364,-14.926637068490022,-7.051536098451185,-9.983332693929668,-8.72575061629269,-5.88935862014976,-5.999658510461907,-3.83534417643957,-3.1036407563351407,-3.9692462008873663,-3.81154813214478,-3.706002091346841,48.13123581515939,33.227921372446694,26.65997450182785,18.015792657095517,16.35091959217191,13.026044059234184,11.850818242771892,10.884608617488569,10.05643693576194,10.048379060794003,10.371790454294576,9.763701380933917,10.97037922143034,12.687914517875395,13.562891896458742,13.310497922514038,13.02143126500959,13.88162955784946,14.179333637406396,13.711301529451337,5
55,39-MFCC.csv,-200.1800900025648,109.50763404276438,-56.916593950704936,55.4386451797274,-7.771873330285177,8.881264007075854,-6.9617437669027264,8.573432597402123,-12.005158630422622,-0.8885076438892751,0.2000980304882926,-8.081958229301543,-9.588245976458536,-5.317054340322101,-1.1500220461122728,-1.0323350094697443,5.748428093111129,2.446725547863988,3.189359013007014,-2.1782331511958626,80.2358633166783,30.185515599568955,25.721573680768877,19.53049175196339,19.48465508600987,15.641708553349602,13.910108752234413,12.5332712064417,12.21384896296208,10.384700524335292,12.0532874955601,10.403880103080676,11.562616991375972,10.785916602241194,12.65502630065864,13.531616244684496,13.774256434343032,13.46133418531938,14.776898493744374,15.016232886745696,4
56,40-MFCC.csv,-238.4396635973748,164.5439620287348,-56.00763413374077,42.0648600716025,0.2013425655544591,-4.232202364435482,6.050234979149913,-4.336655777867114,3.777507452890332,-6.477675274373182,-3.3585995638619672,-0.7274778111282382,-8.636858556140467,-3.915599952448804,-2.1205145995633283,0.5436672197521546,3.627752555928336,1.4526597507394214,2.6730105588516717,-1.3146980756020037,81.18864890265331,35.392638839638174,34.96616123997352,23.447115288985728,17.82476849784468,13.193313714592543,12.416915717113437,11.046210432942352,9.34987168551976,11.886204713053637,10.242692904546905,8.869321983331227,9.825013836696126,10.47553408842961,11.79831729808462,12.058335965085329,11.58333198309138,11.110306615172648,12.086174446947869,11.970969291508869,5
57,41-MFCC.csv,-181.59148724828088,139.560907771196,-38.00811128524213,53.22277725424487,-2.813106584865294,10.728423201564723,3.0446560866642027,7.7514714909372,-10.2191436696223,-3.2942199869748325,-0.3864395881670694,-1.8595013587739069,-11.695499905083157,-0.1899455273750556,-1.8689747588913752,-1.0542654344420703,3.628396685414713,-1.9723738204371144,0.0087296404130005,1.8417967022982225,81.01757086817004,34.979667284454315,27.9722278974152,21.938026573914478,19.53410072176167,19.263704665121047,14.76798391664652,16.523277413467444,12.094550221509955,12.564261566711664,11.482319739459324,12.086333277379644,11.594602990404123,12.113038393442878,12.829870609090229,12.472326926236311,11.537557481737192,11.114055127177556,10.812262738762035,12.098650035440484,4
58,42-MFCC.csv,-229.9746146164713,145.8924155678316,-26.28240615893847,35.2184641175719,1.1823969386632531,-1.140952741617864,-5.079452237109388,13.169789289234831,-3.3925274254926387,-3.415610547279828,-9.740481003856493,-6.60510487213948,-13.362653310636626,-6.230088170895055,-3.653279902076064,-1.392270102514101,0.6088618828980198,-2.6088146560217176,-3.340687425509289,2.349962144368827,79.66567085536839,35.29629481618365,22.621840440705217,16.918139989395264,14.968741575070682,12.7825066706656,13.962556974749887,11.591481782154506,12.834032218379328,13.305039624246644,12.91369224175146,12.273366523316785,10.211323114259155,11.34103306682287,12.142499651808851,12.12678005571943,10.778659840127808,12.11705470311783,13.444003814478512,13.458361447358287,4
59,43-MFCC.csv,-215.01596332498048,131.07768541076044,-51.51304026079682,50.67217770557037,-1.9504461085293372,5.79540027564507,-1.3492737742318377,7.692210720153314,-9.557835220956594,-7.424835857895283,1.481493131785237,-9.048411480243216,-10.340781791119586,1.716434797248284,3.832294472337024,0.112479414958142,7.521022872001607,-0.1297603111112319,-4.986765175494891,-8.993215374652872,77.91092153662422,33.55295289130126,28.16819087606636,20.86707134291214,19.354505028389845,15.876990332594897,14.824514000883855,10.686590538821534,13.925050774526758,10.9693090949937,12.421427799888267,10.41301713524698,11.064571205107663,11.115578982919187,12.510247740175355,12.049483652085703,13.700460384437136,12.562195769429662,13.731715480904086,13.718093567158586,4
60,44-MFCC.csv,-186.0156061111504,114.61256676647284,-16.86310165539644,45.17317127752554,-19.268390163695265,24.892112165331262,-17.53215626964331,18.117795269370838,-5.91496125091479,8.409551812921404,1.6994420503995498,4.581222093380971,6.526737570585261,-2.853680041998645,7.43571585352027,-3.441465380849909,7.676549338909676,-4.801751914964809,3.932493666660817,-3.7291177345152895,116.65772768149128,36.63665502438123,37.2322495090246,24.21228907470403,29.218347892240764,18.676815146577063,19.99228181318443,13.870236432977007,14.009145640300597,10.082137793773017,10.82995604467654,9.25488802538303,8.544001895918543,8.696342429940099,8.151191885059122,7.805492320335672,7.497426879756696,8.118966917232619,7.187891602576001,9.230557933589544,1
61,45-MFCC.csv,-161.7589229071441,134.65586720760973,-13.360507686376607,38.62593256676927,-5.553115649300362,17.628160316860228,-6.203108930948694,12.302524003481889,-4.656573231165266,2.037083830824081,-4.3092139472525135,5.427887347911471,-3.649730869985192,-2.4019799056239663,0.3263590251076601,-1.8645716762816555,2.290950121686614,-1.1403536113043504,4.6806635322912,-2.154596811551047,133.0960915174698,32.31815904704062,29.72133855947162,17.609118777745064,17.09748506244993,10.905769559129904,11.20294563302138,13.538048042201265,10.180314946266744,11.36089526231987,8.60883228568229,9.035655484092812,7.279036791274184,8.146909385015153,7.052523602782398,6.417779629263429,8.136502887425827,7.562630154795053,7.82308437053768,7.50430728918357,1
62,46-MFCC.csv,-258.0944632923823,183.7558255195612,-64.22122673917458,23.275604320964025,17.30119834327109,-2.095352181566212,-2.2016141292741223,-4.865383743912404,-4.218670284124272,-6.146022022254401,-7.862329257921359,-1.4392743122375826,-2.993575128314458,-5.425938345346939,-5.834516494261308,-8.356239409477144,-5.74104687480455,-4.443906063002038,-3.2043109088841693,-6.582368973645043,60.98208037716908,22.71391699002633,21.49283890881459,18.183382338421843,15.119234650646284,11.648051045566705,13.226910101593312,10.3141799242502,8.753179089674019,10.23500518984918,8.91027459997207,8.744585607730023,8.789912504562643,8.57848473019549,8.275663949722418,8.08032716546721,7.264212957572351,6.418708489487018,6.197247254871311,6.550275029020785,2
63,47-MFCC.csv,-167.51250355227145,154.08344326304265,-36.47251008309336,26.0864901250439,-19.716262492351785,4.00842338670356,5.675803126346754,-6.608024429028092,-5.193581690031453,2.834065140723547,-0.8473350640881978,-1.2249025078110714,-8.842667374399316,2.7895308127119565,-4.088021926683631,0.6857247544453313,5.1800150788203,7.660704211380077,5.883022667034757,7.958054604619426,64.78871633705742,28.29761917180488,26.080828262242832,22.26057668166284,18.4640062988382,11.07194912041702,15.59347346624604,14.6462009700772,12.4726811832857,10.517645869127886,10.717708674485037,8.927484965219985,10.286074549216384,10.21999093316985,9.485379589274244,8.736620139621476,11.883916262961222,10.782290504334352,10.72653791083317,11.623673425163211,5
64,48-MFCC.csv,-222.2910844466344,141.26279493477236,-36.23332826258635,57.00271611137973,-0.7781421806626602,14.338820229478491,0.1586934156563499,-1.7424298955868502,-2.5224942412675744,2.4008114325267758,-10.605032124325083,-0.6250074668898601,-3.145248442592245,1.8355801729762693,1.473361483279826,-3.3078270559233656,-6.671176577869151,-3.402861675018675,-0.1275359381705463,-3.5164540106191104,65.16378042640012,27.976738189387486,26.56794302480453,20.569734840645648,24.13366098167571,18.07024316003735,21.340121527507705,14.09640553535426,13.846905473313916,12.496156885071445,10.716587253974993,10.910752532752705,10.650596036157983,12.486062752513858,10.214565160724502,10.480337179526853,10.080035655062828,9.101490799271748,8.936331183601723,9.39101699267359,3
65,49-MFCC.csv,-200.78828066686808,127.44329683266535,-73.37617364038483,54.07914901702204,-6.960053527154534,5.742362725874413,-2.1498458097797584,10.808936980805267,-10.376337257871302,-3.990455172001673,0.1109633228992267,-3.7016240103939104,-6.5874019628872205,-1.9940976747329489,-3.448412083129756,-3.8830928926512702,3.146528567404266,-3.463244901479879,-0.3862795974197721,-1.5754651253941545,83.84223354946562,33.49716525446258,26.741758814290787,20.136965262092684,18.66782799649725,15.987645521630974,14.837848629302773,12.069543484828122,12.552392924893349,12.01164695925442,12.752703277088656,9.835410758057716,10.792534235963233,10.02426893902728,11.254236233349395,10.581194640489205,11.11368461279762,11.046911453942103,11.581896543461,11.85414717751483,4
66,50-MFCC.csv,-273.5356053618352,207.92999441561147,-42.36699864956438,-27.851898179529723,33.0499607292432,6.367827238755669,-9.960850392324293,1.1593990632383324,-8.713717384500718,-17.76753998849658,-14.446507092129403,-12.01291186922222,-6.850292014727795,-2.1331736688600302,-8.339095832463595,-6.212306793653138,-0.6824463906870983,-2.30445149844492,-7.724664155136354,-9.141425133242308,35.740399147777694,24.62033463337689,26.652979417086872,17.38052941368197,22.676147062996662,14.13761541869465,9.663596791191768,11.059771906067974,9.072207974483463,8.942035915618437,8.204903231760749,9.556846926224134,8.327568949389995,8.039306124670738,7.81898890563983,8.04348113989114,8.783130191196147,6.990962194411686,6.452091093072283,6.149664919366351,2
67,51-MFCC.csv,-225.4080426210932,177.4516704818041,-76.26178721561747,42.89289090313126,25.60499797281944,-20.67788150201588,9.122045669297426,-14.170740367647658,-4.323712168700227,-1.2991669301832598,-16.499800230843096,-1.3576852380082816,-9.39941558304039,-9.137149537053416,-1.8401135900808,-10.092925815246286,-4.2836707050661325,-7.399606769415892,-9.46650094398871,-4.064941280667504,29.254147330415904,15.424174834750271,17.391303958837995,16.918807722376524,11.712799249703664,9.286825244656796,11.129679636428422,8.513811577587427,6.950646478116494,6.782253230584076,7.11483393045306,7.690063232917222,7.398301482403182,6.717959920773681,6.88345140943949,6.851217563765921,6.64006957974829,6.285103485858433,5.839106538385519,5.342660245082812,2
68,52-MFCC.csv,-260.2903615668381,144.35450437489098,-71.4321522329709,22.987756192228165,-11.54284829200717,10.859364573690094,-13.463010944697077,9.093287520301988,-8.575722808067182,2.112885843738677,-3.61279044025504,-2.4133225274884684,-2.833614475473682,-3.594060970317728,1.7993655243435074,-2.046227744617268,3.995525381483709,-6.018072163100524,0.9034478722791676,-1.5043390810332444,83.93113549521856,30.862503122746325,21.077081437775806,19.159512735827565,18.20070958081004,13.586658214581911,14.557100974586051,11.227320355417056,10.45259040365242,12.717309659418389,9.46421739883616,8.804621256021228,9.05065193253269,9.050606316032578,9.49806596087111,10.123161269252918,10.395943781197904,10.086491438655829,9.989705997810258,9.953813992611137,5
69,53-MFCC.csv,-117.93565703544506,124.28064251007794,-9.354644455098889,53.65430689754274,-12.828797428315482,34.411965624178585,-10.87468389825218,20.595871198116036,-6.974352483339756,7.948892009876672,-4.499313217069864,2.3596256411694005,-8.47737624213564,-1.3773598781337422,2.533365027530668,-1.888180170847373,5.540594960731725,-2.3987582913040555,2.700842023562521,-3.063204802740797,79.96902055590232,30.48473004502623,26.844342942729245,20.00859169418236,17.09411507091806,13.988099965416067,13.908591439903647,12.766568125488975,11.296308433397636,11.349652779663394,9.693519368405534,8.773537127558876,9.3592341814398,8.286117605809839,8.558973121704625,8.323117430917977,9.171184206801424,9.101390797902331,8.981238958672236,9.80748128061234,1
70,54-MFCC.csv,-207.00012644026376,132.38199849512543,-46.56259200203903,54.84106732950145,-3.04415401696732,13.063899168248026,-4.595807635144495,6.498147479421483,-3.2414733573776098,-1.7001275710012245,-4.818381774072444,-0.6004902340613859,-1.6241003361999524,-6.0026739810954295,-2.341679144520279,-5.364914147265872,-3.959018430300821,-3.311356148528392,-0.8771220694880123,-1.0409489503817604,75.19672919925523,33.69489425559704,24.011180107386025,19.482391100621868,20.780613384717707,17.167402652488626,12.8669775155109,12.303814369040971,11.094717185724198,11.410128019371616,10.600640566693118,10.337836145374222,10.180381161187258,8.839045290619655,8.8541681050303,9.928759474077175,10.097031588209454,9.625033802440374,9.318071535934012,9.17446140483417,3
71,55-MFCC.csv,-211.2488402099502,146.35286940540334,-22.08693017502233,42.04516595971977,-5.689632127497645,10.664223837955364,-6.359868739784099,7.529571397381084,-10.540049777047138,-3.387264174324104,-11.892178385214374,-4.072481880510818,1.5959476713551053,-2.3674832365619958,1.0981926884673705,-3.835875996718375,-5.859136797620646,-3.405516211686745,-6.804467889137399,-8.984743276511956,73.63076625903955,33.705534783302404,20.672790953138765,15.894904194896489,16.692938187941422,14.343952628029191,11.77214493453046,12.856698831125318,13.396581050744873,10.60673769888124,8.676479011334894,9.143989077169362,9.565554162313262,10.108815504759216,9.636487430072146,9.360261365624932,8.71466730125433,8.449222909021307,7.662984491551545,7.948286956015882,3
72,56-MFCC.csv,-192.71104865497276,145.7297051601644,-53.89025473222401,36.65882967823003,11.450815388737976,5.245858068066868,-2.2142825964530903,9.531784692631163,-0.7007907698078351,0.0038877877543298,3.371869416749786,-3.858367442159377,-5.7047300847010645,-2.931784127641365,-7.531124159729866,0.5235959268504516,2.264784592033985,-8.434583449436001,-1.6976823879584075,-1.8563710976897023,67.81111775087477,32.01431567383821,25.120774295568957,23.682974216602187,19.32676362554465,16.136736167345816,17.23320684771026,12.72514474415096,11.470797972361543,11.712705610966008,11.052634874094933,13.117843573502933,11.3227962775437,12.594105101221135,14.002301054956185,13.984050902148024,14.761482211158636,13.94806723497838,13.967596924427191,13.677281487028756,4
73,57-MFCC.csv,-188.16646877767923,141.4616560532905,-27.442632253860484,54.03874680715438,8.111544453777613,14.673225641865562,-5.107086700316127,2.667911179749344,6.989470577172663,0.1550344239395464,-11.029916499631714,1.6202373061075157,-4.6257287410064825,-2.1046095928432607,0.8333832669977529,-3.01405105724877,-6.025481944501613,-1.2755498048664058,3.2114933863718957,-2.089258192187029,68.42696471885301,30.24570797512116,26.396925156361345,19.792876814612463,21.60674231004552,16.98077256873245,16.346333919448124,13.749762096061083,12.034778050031123,12.834392694071068,9.212201464935251,10.9791786393182,10.456799165561732,9.894304206066774,10.043698871951378,10.234311267207865,11.19718624446736,8.293661753685008,8.699311601234472,9.165524244283088,3
74,58-MFCC.csv,-193.25804957131444,133.9301424978152,-42.259551777298846,60.22661479687819,0.1793779809350368,16.31214067120444,-7.755526214652809,8.292805892329918,0.8472746006557569,0.6929216564307036,-4.388449532760584,2.903124582287377,1.5650102964214216,-2.5766010199245466,2.9763864465126315,-3.1464695542263104,-9.247679042945348,0.1197457620381648,-0.8898526876014827,-7.76103240539762,80.86686671880484,34.0924881923142,24.04983323856782,19.84679296060578,18.581409597140944,16.414928850224758,10.838683270433949,12.378213304712812,11.020158737466977,10.629025322930902,9.248094182335544,9.992347266627638,10.72954364516838,10.383501673203234,10.253178632706607,9.805260607750286,9.778220064418514,8.608056860249725,8.267528688865315,9.294011835820497,3
75,59-MFCC.csv,-207.7850736777051,177.85915827403625,-93.96170464569204,46.38803852691964,2.7517221251509323,-8.510290296962797,13.729428285271688,-15.613904270243069,1.404253800551709,-8.20042609062829,-6.401314603256747,-0.6202589996249415,-9.325834293829809,-0.6120303402420627,-7.268178645723542,-6.455381472361289,-2.118326336466984,-7.709597290380259,-2.3168960802690344,-3.685319047730579,57.31225527310311,18.899749236577676,22.70156052571649,18.69274601750107,14.689040988617554,10.371200007383097,10.89842359910109,10.159514170707984,9.447005060270923,8.319265465258734,8.23546853458109,8.86564914619087,8.613402911683048,7.387861569667567,7.802225815658829,7.836887644393832,7.491349937746875,6.758954447122725,6.815504002320471,7.698642347886319,2
76,60-MFCC.csv,-149.53795462029927,166.5227700705372,-84.65978932874528,48.75531607187116,-2.264491517163149,-7.145421524711892,16.13590140242694,-7.720568151471394,5.573859222720141,-1.6065513585965814,-4.660700786954205,3.9091168705066575,-6.987556204790596,-2.008007063982184,0.0495576811256472,-5.08386745797418,2.510484678945339,0.0830098710245871,2.326322341926293,2.2360472807758267,68.65429583653149,31.410383623093814,23.085490963639632,21.275012542636915,18.1285266212691,10.342786738050073,14.666753135293868,11.497004375474424,9.14620975383899,9.435710233051106,8.029073235442166,8.927289175064871,8.603993168954426,7.955634494814612,8.848516587151831,10.235160542448163,10.278288346494737,10.239652850789394,10.258520660943049,10.493427016683826,5
77,61-MFCC.csv,-202.50052229501583,152.70824863926794,26.270365653965037,16.24797871049899,0.1801380190437433,25.91022591847689,-4.989887709659837,-0.9889331255328112,2.8524096093145173,4.755291427482246,-5.054065992356469,3.234569884238042,-6.781112801838432,0.3957099914368588,-2.5368106981404,-3.935360796765851,-7.822349978983549,-4.476022537753219,-6.278899290088282,0.7856240451564594,65.93838575401524,41.04350048953537,17.092661775883652,15.68052595077332,12.408586552337418,13.756565176830003,10.090152878348167,9.99420179554099,9.548783865058224,10.02029566863529,8.728843781087566,8.640923090091325,7.499803359414817,6.57545603799464,6.330829997819282,6.749060066002301,6.975947155584381,7.206214899161562,7.679607575877535,6.94898181640537,0
78,62-MFCC.csv,-222.41493904413983,137.58852762220528,-32.724484092482136,41.6298807551896,2.7952142788115104,12.128194153344516,-1.4888133145499702,16.109557551053125,-1.3917701596961494,3.7524466195650583,-0.797169848943132,-2.092589803273281,-4.42942309117528,-4.36717190060424,-4.178788272663017,-2.6602052819702515,0.4611499984388615,-0.8089968409320536,0.1162732353817328,4.479738392091244,83.13797782276198,35.674692034091976,27.238922417101755,22.993518821594392,19.839810654074885,14.343656006806492,15.192475549323486,12.545010782414453,14.209766087309552,12.613178114217012,12.315263523154314,10.985512352769788,11.80647166410786,11.061048849419608,11.623825988257556,12.983192366162664,12.481968352814414,11.73045212722745,12.369689645260587,15.46349974895097,4
79,63-MFCC.csv,-260.3187686952021,205.5868349261878,-36.758847632647175,7.9929609397066015,24.718498757169783,-5.342425277671532,-3.6239971573223904,-9.291393328223126,-7.44063670519171,-3.579008984995368,-10.083409080634674,-9.458728237599692,-7.230648757602298,-7.653881104857974,-7.02696756224372,-8.475998724841093,-8.34324841441044,-7.065340926170845,-6.612974081186041,-7.503882228573605,48.37889008976042,21.803362148551592,26.22804737680193,16.735344716305555,12.063216161339971,10.081549842483964,9.675081033946984,8.048546016764512,7.05573427618818,7.426487167588851,6.824273782444782,7.41613257622948,7.809789099155078,6.871984515916783,6.487717870595791,6.705551950594297,6.308397048863266,5.943706923067765,6.305688837000897,6.347232160984154,2
80,64-MFCC.csv,-239.59068944795752,132.9858517744753,-57.246320329162295,46.85552677548849,-3.550743606960729,2.7870139184215086,-9.416449692673003,12.122692487476522,-13.302621572403806,2.004406654092319,-1.00335248049136,-8.170553095503369,-5.716601435688842,-8.24755912665833,-4.009922315336193,-10.638152551651222,5.294599388206182,-1.7930228210173835,5.816013330218879,5.700394210977377,79.05731681833872,29.244704280037897,21.04506424992349,15.85164976807098,15.199718224953632,10.48507451011912,12.695455481624789,13.295686196211166,11.666616227347893,10.933389256591264,9.430947962032617,8.38991149465447,8.458570360716894,8.397395788798756,7.946064081208019,8.570561792839696,9.72178524981603,9.529282866037343,10.228520208905016,11.815407127503857,5
81,65-MFCC.csv,-244.68088067322265,127.96464507526493,-54.08551187605852,45.96659361498789,8.596004962982159,8.552345094855792,-13.158610275474116,6.36041322940684,-2.305215948741628,-3.225627902048208,-6.82834338825065,-0.972208290743628,-0.2896972897269996,-3.93668669320716,1.061708263387832,-10.00361396938072,-5.551710767640483,0.2121621836515667,-3.063251573046716,-8.677887101653662,81.70700673694877,32.85416844153523,29.99561583208522,21.418448593426568,24.052089698220044,17.751698033180542,12.898887160623763,13.177027298614515,11.708156152333874,10.302861144428444,10.033253393205214,10.521456927062191,10.85806164725044,9.654725736133225,10.47115400478786,11.388098275712355,11.864765044307743,8.690198876526644,8.771358690855905,10.35978854229859,3
82,66-MFCC.csv,-263.8328156901213,206.57255892622703,-54.34601067373989,-12.854741006273848,28.84704451700868,-11.91492364415542,-1.5903495945120742,3.623085517088132,-10.986372119403176,-4.666529899475799,-3.623337702176656,-6.604605159303808,-4.860418844372806,-6.17599199096065,-5.196986198574164,-6.37789888035749,-8.292452655922322,-5.976831395864664,-7.962709079978068,-9.34853558839085,82.83155795594911,49.1964894666163,36.82753859997818,24.229906494211228,15.750059218069376,16.704530118004072,9.386558515833942,10.370940759810066,9.949208331273097,8.65868220908497,7.793129874949094,7.550074759908861,8.294410030024048,8.172875656138299,9.25231441586875,7.774575539545499,7.295790802503599,7.336855652982481,7.280001573345129,7.055296053748912,2
83,67-MFCC.csv,-301.2554465346321,185.06764900610256,-30.249599691422205,-8.4176120035293,11.48636159856042,-6.140872439508657,-15.19870550104062,-7.0903695573052685,-8.688259151702969,-8.567794482721302,-14.823515746097282,-5.244334224753166,-4.636238183811803,-6.74183002531132,-6.953329528450762,-5.189945480794655,-6.150288296671524,-5.900963475467848,-8.201389310713727,-8.304405130382083,65.81652393060351,34.257223939440294,30.07663135843873,20.46803553778778,19.12837854771652,17.354784195390536,11.619995861037234,11.646970815840849,10.89135593733977,10.511608792150378,8.809481840975737,7.942746348979172,9.06505388709318,7.647509706632201,7.45748616378751,8.15788449536148,7.947921143999901,5.950398615880179,5.826882731658031,6.484384450331572,2
84,68-MFCC.csv,-221.2811296514492,138.51859045460372,-44.23813594134033,51.26200743469658,-4.45437825968116,13.547285486963531,-4.257959617580308,10.23339283061199,-5.64911245116666,-2.631186318718084,-1.6325173067475285,1.444017529007152,-3.149026675593462,-2.633809663722517,-2.425158042309484,-6.405666437879681,-5.010985062594416,-2.6520733275094805,-3.3846207571413784,-4.046016806864821,89.66284266354315,31.70146886986764,26.3461711906184,20.10362839770991,20.72963048121461,15.47447459496562,13.90683243848697,9.939103826117096,11.045003816125735,10.961616191254691,9.632168115531504,8.900737202813112,9.241690724030088,8.29578642575485,9.139062823626071,10.003085771158574,9.653381133499137,9.359866420668594,9.319768449983092,9.920599600614992,3
85,69-MFCC.csv,-137.0007973946823,106.01533563518824,-5.188291967573654,62.18632847774192,-21.724351398520824,36.890026778187966,-12.178793794614943,18.540547252154607,-12.437895818980076,10.277490456440828,-9.048687371064702,5.822618883223817,-5.035235893747261,0.9096461434469212,3.7216453975854815,-2.723462936554358,6.9598339859027645,-3.080752875096821,9.387486762704809,-6.425328232039084,85.59230515556769,25.07716670006169,20.7340211071667,17.73512515327436,16.923763409629064,13.885195927185691,11.63491072986528,12.017228706442356,9.260241704981487,10.058962869255318,8.713050935137671,9.887426036400504,7.62030335092136,7.867123494127536,8.471790791144887,8.880723550778725,9.371394130090954,8.839561965823641,9.287582320338812,9.196892834370136,1
86,70-MFCC.csv,-264.318414000592,126.80682877619346,-56.79960740251392,39.95044003986505,2.583189286590823,13.52502723879523,-0.7001611634845026,11.21898528667291,-8.310526090027036,1.480407128584227,-3.5572194977997738,-4.769600265668433,-6.3860088391781895,-5.691897149549169,0.0758469249689505,-1.2451196082222609,4.546163505354341,-2.3331283015671818,10.077891699668502,3.30614510711784,80.62712727573444,30.73374752927276,25.85154018302121,22.83086066730817,16.935725943189627,14.41491500022182,13.501307661500327,12.052057119710822,11.92256045398551,12.91809234244033,10.551822249226124,9.773769231572205,10.942988869937937,11.325095015029614,10.60521023892622,9.889203150554962,11.867393470412528,11.229360733676828,11.064625309681736,11.53572828314337,4
87,71-MFCC.csv,-210.87003142466648,182.32804490182812,-53.27991363131187,29.521983089010376,5.459629394029803,-14.389608857480807,4.410930420749746,-1.7402302941035388,-13.115414093819634,5.888017431126638,-7.479677699445554,-10.450026324129484,2.2452469784244893,-3.4521258996538724,-1.930311974418994,-6.82592622698147,-0.4623082852988595,-3.562651647507619,-2.894761800162628,-1.4781661615309634,52.37318392855123,20.95085372958229,23.906740126952208,17.06029823736646,15.758253221849325,15.70051378564682,13.540834994114464,10.087105658860189,9.383313630160533,9.628311840142922,9.603133483344203,8.170783626793781,8.149424008904973,9.712123860991683,10.685840986336062,9.650115003737229,10.474990331323648,9.648689287685007,9.300135983316997,8.896975539363938,5
88,72-MFCC.csv,-191.955823444106,122.97186141730582,-43.31418637947393,47.87441629876715,4.422843653931508,7.12867403554209,-8.624582852429993,17.197695413436804,-12.723046365190571,-4.522857243023562,-0.0065988518539644,-6.761017348853438,-4.863012073012229,-3.1953501324279387,0.7717164917007248,-0.3899597518233285,3.719205603972857,-0.2227216879760359,2.2381583551450137,6.771069841029808,82.1523310433538,34.40458297427656,25.17985295675856,21.241084536448305,20.440927079932585,12.82363747747006,15.804164571570835,15.322069517151329,13.217268967161734,12.756117151753177,12.80008453055822,11.760577182047689,12.71829420701626,13.340111004701916,13.669003099240902,11.525186903837136,12.996491181906816,12.655627617998904,14.71718319525181,14.298145311319375,4
89,73-MFCC.csv,-260.5649002893629,119.76566702713022,-71.73171665869081,38.86450781999868,-10.481795962372392,2.907379593421972,-14.202534372464946,12.851085741103478,-16.46757562235209,1.5636679911521123,1.6459406436408095,-11.310527716579756,-3.3197825300384385,-6.41712510993866,-3.00398753554237,-3.52185123777584,7.638002073222194,0.0866416238993257,2.157157456040516,3.418175454922696,90.15401389898707,32.273919138357144,25.124786757831966,20.379587388073084,17.82008019930624,12.293262633075711,16.314895266618983,14.93287810635651,15.748911190965716,12.002611442663426,10.654496679405216,10.138675750195732,8.893651510197442,9.24649394658474,10.43659903696418,12.79701680501826,10.08189366845796,10.139730106029576,10.344776377467635,11.37992588486299,4
90,74-MFCC.csv,-257.02045048059784,117.4438783149137,-37.76624009836929,30.87865313854399,-10.83255375550735,17.5639894467076,-22.02143710036213,14.608446138492289,-11.785016220057985,9.331808247526675,-8.864385797418402,5.808604916382268,-6.466662160539437,-0.873936776551681,0.6153625714248109,-4.627528391260207,3.992918778782462,-7.799209524708184,5.650150348258168,-3.310041218052462,109.15501964785828,33.90852767802986,26.330373322465963,30.27367724564689,20.41680249112891,21.64301543514557,15.24809066352691,12.51512525841766,11.735095702104516,9.985922055324018,10.266859276561554,10.30963345590506,9.227850828870595,9.11342869283143,7.884871743753604,7.742072436984077,7.721207326508797,7.997837489705155,7.519848370777357,7.022054359196122,1
91,75-MFCC.csv,-291.42415469941704,141.26356051473132,-4.057863278719191,42.88562494546889,-18.981148155997627,20.249980877676656,-9.772107993413142,5.222421122706522,-14.917108936787342,-7.7042784333294145,-19.12293884415316,8.20425807050528,-6.550709626903942,-11.742201938027447,-12.201264004887188,-6.464850370082238,-0.6402987127946671,-9.428266280425351,-10.044491003704172,-8.724900085668844,94.35099599564536,35.70784015697598,19.696082488407885,15.653938772140078,14.847891582348426,13.995011771910526,13.08045419149015,13.81905258951387,10.45776249206578,13.099673396745407,8.783175645552564,12.506344610242538,8.952776172073012,8.607822844722289,9.012714416355388,8.646447187648574,9.12021782185419,11.500996317003816,9.009176632986422,8.656590849011803,0
92,76-MFCC.csv,-203.0648785780888,146.21939293164343,-59.79085781168563,44.73738024334258,-2.504979955250196,3.3064656217454096,0.0468555640370128,14.14170395398046,-10.768507390914936,-2.779094728540932,3.624996872428718,-2.301917304223106,-1.9390820559052329,-6.753518166633833,-2.987509550403197,-6.119058215764008,-4.424368561343028,2.004794429021372,-1.3109981083212687,-2.560390929690584,64.46875754104146,28.81608081961814,24.22156814014557,18.645899630127367,18.08973433828228,14.808946897584038,14.299758440457632,11.348138447376586,13.355144747638498,13.828170163686584,14.105617671342747,11.6870904304197,11.756123390061212,9.848628208678472,10.561077379657482,10.207027028046957,8.45554612575246,9.719960070446524,10.871842892098387,10.87787392018714,3
93,77-MFCC.csv,-205.46136694255875,131.41488458632415,-53.88419529267935,47.40162899653313,5.220404808665182,4.008537924203042,-2.8879033116566646,12.889017369693578,-13.02507684612158,-2.0809365818770607,5.433709620976858,-5.8208580820557625,-5.532342882134594,1.497984872445381,1.342978891672646,-0.7051848166134623,1.4563681348008348,-1.9081858551354267,-2.2233173705508342,-2.805419728918934,72.70683143495658,34.77753733144823,26.52363859393096,20.42936207633773,20.00998360168267,16.557715683072466,16.236746309667115,13.3436803059967,12.360955337261055,10.33398599523497,13.33072938094574,10.850227195355474,12.525190220858748,10.571261561264624,10.873882139238132,11.932150861128422,12.789708449139104,13.827790102085553,14.415159193673649,13.731701941227648,4
94,78-MFCC.csv,-179.32017782708786,141.35548773258606,-46.20382698520204,56.044616873397246,-7.4450611150915265,22.354870760340606,-0.8031779233771174,7.539365268867795,7.926158957512367,4.736201568446484,4.4859480642674665,3.6084344130546526,0.8866314354342105,0.4963116849242958,4.288957370970092,1.6611778089792495,5.182674763091599,1.131813755711116,7.736291008824506,1.0325834670349048,87.66295984232602,28.13684687085485,31.52103893137032,16.902921201467837,15.420128939139977,12.171241278572966,13.917152194294596,11.250407238766757,11.445700480574516,10.397074173069267,9.313576360314563,9.31632318461345,7.786071138397235,7.902130268607176,7.56952711502505,7.632681552499033,7.999750668328832,7.919454777587759,8.133900940390888,8.331003373609972,1
95,79-MFCC.csv,-240.9202900077463,126.41882663470876,-68.71882763718277,64.43801395385944,-4.69966708127101,1.7758658099305749,8.349485268943816,2.8085215565889694,2.51482089751813,-6.786759889381732,2.4518431885544087,1.6179206531646164,-7.275156868210108,3.770961841941437,6.410427236727792,5.233156888732808,3.851207127752504,1.7824828311817478,8.19841728189407,-1.3673069715080888,86.0997949963965,33.09185218272323,27.939705850099077,22.99744682220984,20.58181892242252,13.255262416335292,16.48439342431904,12.282414978145022,11.503496004369769,11.313550545691248,10.95200036923278,11.27344930910152,12.08627902751594,12.380711693698911,15.388398921429946,15.358554422448202,13.000217522338788,11.60806352115194,12.276787711264122,13.883451518694438,4
96,80-MFCC.csv,-193.69603284750943,199.75350317227665,-65.11294264397537,20.550304032354635,32.578469937859865,-13.25715552996113,11.310144092588915,2.1419599649033474,-7.7809316546805185,-0.2351143629432329,-7.295976376065226,-2.1645432179573776,-3.918758862640087,-4.635287213465689,2.059764316588818,-1.4007200383578071,-3.5034099876528453,-2.330711192704099,-2.421510089547058,-3.07995995650595,57.334186899284646,26.37947569703647,30.893204786167452,17.982540099385954,12.789950992898882,13.140487353292608,9.928948144790564,9.515195654391109,8.63402367015036,8.188677978822458,9.444692039614324,9.58199810223987,10.626795081035532,10.028763536499469,10.946402092047364,9.203117663139274,9.209368037107067,9.391549308891172,9.093491094198765,8.630679216905,5
97,81-MFCC.csv,-161.64080360015404,144.4012385200775,-30.395339428183338,30.284734437621083,17.977033930544785,27.195932368160328,-17.942407525348617,2.062636102594498,-1.0095524370820237,3.641870380540916,-17.93286611697312,-0.7287175820208505,6.458162414481993,-1.6775113170202978,-8.008444916127802,2.5307704498465657,3.276211493235322,-6.3412048622887465,-2.722928212379365,2.712648214712512,72.1890806492798,31.053782069332563,19.262920377455792,12.230904686132142,19.87871049524409,16.544920693530777,14.794195469554818,12.946703348573706,11.276699397473225,9.555692884120814,11.14485996593445,11.266829095227417,15.325444950812672,8.665461366717718,7.607031827601756,8.31222424950713,8.188825749004115,8.520305645184054,7.193391915160692,7.774053511148524,3
98,82-MFCC.csv,-246.44210024414528,187.06850824312653,-72.7909127866648,7.749671172568965,33.76702109027922,-17.72077614289492,0.9936304781518406,1.869155711054072,-12.623071758936913,-4.456883579964435,-7.560053329500453,-5.3269641586153815,-3.440739603004535,-7.241896413003796,-4.455968939075544,-5.838345985425475,-6.506259561657069,-5.125738647812151,-2.7400246779441866,-1.4739228785031988,70.38991459715136,29.6090640666439,40.14969520507469,22.84763755768296,13.610880610546602,17.72180821839598,12.255923683825838,9.78288808225363,8.993978103597737,9.68228124807777,8.874227742233838,9.374440120435109,9.043520256958873,8.247103889599776,9.754017965473654,9.042669437870416,8.743474493720427,8.376642025257327,8.708974343953935,9.395644256992233,2
99,83-MFCC.csv,-279.36265130920543,197.77292672110045,-37.29886390150758,7.477930507505129,47.9685167181952,-3.621201547623744,-12.004565708032084,2.440281703158334,-7.920826948858656,-9.450192426822705,-3.286963337827096,-3.757549614786912,-6.801566603502793,-5.983606732347198,-6.360024709779313,-6.204991490827899,-8.340878909757937,-4.3975429388904415,-3.612452660509074,-7.790782861514773,48.45535441856664,31.23246731775708,19.76646574539585,15.513948264200144,21.74547097385876,12.67645874249747,11.438640136313774,11.279216924027214,9.229027066219553,9.468557249814523,10.415831116392946,9.978625783649544,9.502486501749198,9.011029067220484,7.72128487533726,7.69663727106602,7.961160721365104,7.656532124031199,6.871820233084425,8.29960547032336,2
100,84-MFCC.csv,-237.88012099521984,203.8066837472038,-74.8529957711078,24.090504584285508,30.59169745461331,-22.64782812634457,-0.7187996940551938,-8.383339526290007,-9.67184863469098,-5.205578419819832,-14.63110082922658,-7.537936554938218,-7.578149986631856,-10.795080138487084,-6.35814771176678,-9.746179013366213,-8.464950564955933,-3.82212594155987,-6.610199956419514,-7.960796641179623,35.4044492555663,16.759179462456842,21.951318763153655,16.22866217534578,13.487539972294517,9.451482934776813,10.80509882105377,9.162898781509616,9.045876401617331,8.751350091510725,8.385084521065986,8.739413195348009,8.170350180516037,7.487362583155884,7.402773066499797,8.13919074501337,7.117429438798703,6.333424533485486,6.94994484069886,7.399648064455301,2
101,85-MFCC.csv,-200.64401259086023,120.83405353153869,-58.144538144906406,56.00490583130375,-4.21178041110061,8.516510173273776,-10.622431532767433,7.821532855969675,-2.81848244778352,-4.552678004474162,-1.731543351529082,-4.77790127181532,-4.8276697886320274,0.024469752860632,-4.346838759294463,-5.182368587642165,6.201337895531825,-3.5559241961743018,1.410168282618061,6.325120788874291,69.179203623103,30.846937333683115,21.58544580524161,21.770049277324848,23.37378260346239,15.786784245422307,16.614072105406276,11.396331748591535,11.151798064000468,11.54028319567771,10.683196325215372,10.375395823189969,11.935747520794123,11.091883843410027,11.451087826959109,13.94147075350278,14.149334895364827,14.64474938206229,12.97683698119528,14.48800516232533,4
102,86-MFCC.csv,-106.73441040397164,137.2805745591828,-23.792465739663765,40.38530866327727,-21.110851866479013,21.406775419385145,-10.60172301136182,9.836773413072036,-7.100456325508977,3.1976776555989086,-2.6315678170660872,2.516431826251575,-0.8830410495683584,-0.7723946769566334,1.2312725603690216,-2.587871137371066,1.96820518453736,-1.1554211792586868,1.320747424805643,-2.3054745838703687,76.437769908669,28.43590326332059,30.81919218240883,23.721566343745707,16.039935687926633,15.296535278546832,13.290023195911209,13.126988754298846,11.551429335258955,10.569559688371916,9.022072494535765,9.05726557749984,8.949722480879704,8.396523191828427,8.226809216055576,7.490410894019415,7.653375966830288,7.299697752971309,7.189217711169484,6.816806676626557,1
103,87-MFCC.csv,-215.1783154220001,125.61695727753944,-14.46386488688001,37.95793345556536,-12.554615466860298,19.03206843000581,-20.409725086708956,21.1907551494322,-7.093002714869603,4.199297775229189,3.123366380712707,7.692238103902258,-14.131559281209409,2.735632712355158,-8.10887336304419,-5.811838127152985,-2.10518993710722,-2.315753282530592,-6.030785666082724,-0.5487126608489359,97.2883081049061,31.200961149319436,23.124299155982143,14.47868792265724,19.099807746750287,10.439396311864426,18.54232251378059,13.72298924688907,11.298386249939531,10.299069923291135,10.15974762419096,13.422167246427728,8.57729367217515,8.388026251075829,7.69581186082606,8.54571851227249,9.085738161359068,9.507835512046269,9.427383652325553,8.299296005813899,1
104,88-MFCC.csv,-210.8320516770393,127.37672756144296,-31.133037700530277,38.87615907268829,-3.9788877333889454,14.181561973755525,-8.187807732490304,4.352301075889274,-10.5713736906129,-0.9564315308416624,-9.004042400572093,-0.6709420286220388,-2.87618979298454,-2.74715268667651,0.4892034879733149,-3.937522128181632,-5.973748734797477,1.2435737556651107,1.0148714957878506,-8.373688574197407,77.61227847949637,41.58448552581768,20.80506635989717,16.84388483328698,18.850070517651144,19.70044588073824,13.522410372491231,12.498898823325158,12.665783362121193,13.362723967513803,9.872120507327372,10.646089897758747,10.059180356074204,10.87736396164166,9.727984824816176,8.861921387225177,10.32354677216986,9.17903920503805,8.89406201533223,9.329554156954863,3
105,89-MFCC.csv,-151.57092028610998,139.7291435274139,-57.05751906869364,40.32393593470518,-6.846025130729124,4.170036799132943,-2.21417546981916,11.972100912986578,-16.044422315016337,-0.6104329249668728,1.5960068882613878,-3.814154833061517,0.3211741202205901,-2.687238267419513,-1.483285923082016,-4.267370185436098,-2.847835827437064,-4.908137421843598,-2.5975689635892705,-0.5578532375358211,68.90357874591055,30.820220167618647,26.119610658607662,18.50868339438306,18.07141761370864,13.869269166976164,14.013856868094098,11.52479031250547,12.863211586068838,15.552083187292013,12.09990298175806,11.121947401681345,10.07153266495907,9.815991430516666,9.541183275583188,10.618436472497644,8.814969376115963,9.660926805123305,11.155738872513052,10.612130964573316,3
106,90-MFCC.csv,-215.72256065640892,161.72969335215387,-4.2331641683026895,36.56834186478302,0.4786215503090674,28.58913939271825,-17.463138283926888,9.04254869900264,7.201387546432296,-12.97087940190634,-12.356306653734086,8.33521238985157,-5.571556347356781,-4.567375548716823,1.1234287986130047,-4.709876687115126,-3.0872294412106607,-0.4880025572288358,0.4122014358486692,-2.515186909862578,77.6709643407086,31.736436250478107,19.394783229930567,13.889007258978037,12.502303405833617,15.134704804908631,14.293397472599944,9.451634687521368,11.91723712991732,12.813454874551914,10.604447591653798,9.1182685477167,7.245906158056089,8.274696248522751,7.358436934895462,8.507145818582673,7.17144806149536,9.014276140298296,6.536607775162339,7.14793325271594,1
107,91-MFCC.csv,-200.2084537660253,127.59013417694877,-43.82821923594216,48.22269105616558,0.1122864865035769,2.329214628686616,1.4311572825185652,9.780362728890973,-10.343378142278198,0.9118161962340884,0.2456127533255873,-4.978483333831189,-4.730483870018209,-4.09010094810106,-4.186520353452034,-2.7153339187104555,1.452582461634902,-5.188293419339854,4.026853259852423,2.1429254039735426,68.34608385007026,31.496249231902063,23.881693876852143,21.49402409339521,18.894155696258185,14.092526946950304,15.12343945241647,12.445390167848526,10.816862937405467,11.083854239397509,11.39109206684128,9.609768050454177,9.998854401476752,10.441941868118088,12.07882977945188,12.530617416689424,13.793793964000768,16.229948476059906,15.363787305285674,14.25868706398011,4
108,92-MFCC.csv,-203.18060282660045,150.29926779840136,-66.86835844792274,26.39001753766232,-2.361670654986278,-2.4149568334343723,-10.968485834455825,12.474022000557088,-2.522071736492803,-8.64143842373109,-0.9518832184841453,-7.326022241077373,-0.7607130914917211,-4.411129757443959,-1.4483898948393603,-5.467108236013614,-16.125844223048766,2.6217337216422654,3.525620486992484,-9.751047133481483,69.87973773352412,28.29203928512645,25.56978691702632,18.41015215285916,17.508716953692627,15.525637206808636,13.2512089189479,13.525234684203504,10.712837592886252,10.357956979575038,9.35050721798226,8.590342601952162,8.31073335376379,8.071388149340912,8.244129598491734,7.988866529301936,10.069090876243038,7.235033429762875,8.230089147372011,8.744738177891234,3
109,93-MFCC.csv,-271.8995269773896,181.8350158522278,-47.27804768948588,36.2224799165807,10.940946570457942,-15.524732685059922,6.817844967747797,-11.218436024341042,-4.073232243558302,-5.480764549725605,-11.600530400729468,-3.6250008155423066,-9.00356978450065,-9.706371918946845,-7.535380101005841,-11.51281170543394,-9.41116015157486,-5.614646919222689,-6.12255910817799,-5.539266428500526,73.19901523266027,23.89147585243701,39.21491242349539,25.17594289581757,15.166569078089964,12.21144161725576,12.587485033981327,12.22708708925293,9.761352366363088,10.241106633530777,9.227041773998373,9.81685684326547,8.486190554532387,7.960819703945918,8.643295796264141,7.30517969473672,6.97656560145396,6.531843408616171,6.271175094912856,6.967965753987735,2
110,94-MFCC.csv,-262.20857965590665,141.3229355618428,-36.320610845665016,29.1525712477482,12.398835791825125,0.9377343240746514,-0.5063681499775754,4.49113230422156,-1.6382549329347216,-3.322531901065609,-1.3785919988834678,-2.9568980812116443,-12.879472781864145,-6.842454953944461,-3.554358917019128,-5.40758199575928,0.3216327663440159,-4.623321899424124,1.7618077400656809,5.644737914775885,64.22844355752561,29.05754545276496,26.69078491296857,19.658208955882586,16.99985674733686,13.1125874356525,14.220213295969373,9.564958413840394,9.218431805456593,11.738691904495658,11.36290686491908,10.32596418725057,9.891442703879656,11.4457443878184,12.235344240749104,9.90628537610121,9.715215160595646,10.51460229822048,11.731062362993226,11.421121366549183,5
111,95-MFCC.csv,-177.54053877461965,124.51126088479418,-16.630042781082025,29.022941413845103,-0.3374990999694253,19.726176345469295,-7.623674027344953,19.145923867550284,-14.321299707539934,5.189547688275226,-7.31672565283156,2.667932380635329,-13.912180484774064,-0.462541639250489,-4.606019032069598,-7.0193498828902445,-1.939375312259053,-4.143779396888401,-4.202099577365105,-1.5960010471297683,81.65368855270246,31.581397334829933,19.71683178055199,15.247988046340852,17.1879670793082,11.54600159408233,17.551823866676482,15.190072640345646,10.69000256883024,10.776434506173237,9.613441301355602,9.849769257544702,8.770067807151815,7.8645385787283955,8.221969199535486,10.247902514486826,9.417117352130555,10.508099872614183,12.743181475751236,14.846104750244905,0
112,96-MFCC.csv,-266.51789550126153,205.54303913485631,-48.38911185165868,-21.686138318686115,26.600771992445107,-12.77185873384554,-15.68461443294704,-1.173555471594709,-7.80848655636222,-8.141106128887987,-5.076098941877189,-6.1728480734819495,-6.419298351415192,-6.330586754971563,-6.020208969661706,-5.474032565806744,-5.3960933104715805,-5.52825193634921,-5.912528723834375,-6.491876932933088,46.78075067768901,22.95215621932017,31.062551478635065,13.919751647459307,12.909895844265591,11.88241818413814,8.852830441395183,8.346051599457578,7.691149054514965,7.863861231868525,8.04718743260752,7.723416072713428,7.93484341308827,7.8504573401090685,7.958410512987685,8.153254138672095,8.758121084879727,9.454118712251672,8.565776279519199,7.362497877576198,2
113,97-MFCC.csv,-251.27388725313472,219.76219871986552,-54.478526187095206,-18.401544865082634,21.39916982579521,-7.066952257260377,-8.451086939298333,-1.3483650899943946,-9.1834073117955,-9.398137029574862,-10.720221419730004,-8.81475044983122,-4.920807532453049,-8.81246232041742,-10.792617157821695,-10.122009595308112,-8.138245215640254,-4.959980110074202,-5.017649538488472,-7.614212417079776,37.474042284648185,16.22499789348456,21.4667649040956,12.470597272617017,17.562314410325875,9.880811557311317,9.865197010244772,8.796882783995867,8.075426676318944,8.770334569448963,7.515641672748093,9.105164564577573,8.292217428845449,7.17749315735826,7.047213282110254,7.186506606764876,7.650810559451072,7.260441934566088,6.851348455811605,6.851974587385629,2
114,98-MFCC.csv,-142.85231164821295,143.312997082318,-2.8613800303402317,79.22003978792031,-30.221893706489283,36.401833313226255,0.5697018765603069,9.820816621023088,-2.744963072226649,0.6664547930557003,7.614937677051008,-9.14118628195905,11.85183422390601,-14.112748573745032,10.105463886683836,-7.516578035569207,1.9614908037889995,1.2571091209667855,-5.696105352517289,7.963775670777679,70.56123463460928,25.329989493299305,29.89806030799613,23.571877660201668,16.853191274295217,13.849181569946072,12.400470075354876,9.66229054914213,7.604696465692914,9.939162735587898,9.012994378311053,8.218487839619913,10.077758871405182,7.977181168449292,7.308200567599098,6.644256631947648,7.052425024025564,7.774414422904302,7.230207980240201,7.568554990927965,1
115,99-MFCC.csv,-191.5365357353535,116.3057425137145,-60.05821762224213,55.87953390911997,-3.5421336223960265,8.058239357582957,7.020823458382834,-0.995505987942097,-15.450918117402708,2.490685526080024,-2.397167708875938,-11.264906400019374,-9.773610931239942,-3.1074187765529238,-2.260235733179912,0.3710891790022724,3.996724237532359,-1.697242221428552,1.984640416356594,-2.0884685233079776,77.94431744942538,28.487892963891472,26.613659265764078,20.001540261353583,20.62701901979917,14.858380499624012,18.09727799943847,13.787879054351777,11.177234211304464,14.024070695421528,10.030298070711712,10.594412713009747,11.102364682344184,14.035970325730167,15.864605644663811,14.828346444399791,12.87744400788566,12.47238448273188,13.422878239142989,12.78967310841569,4
