,Filename,UMAP_1,UMAP_2,UMAP_3,UMAP_4,UMAP_5,UMAP_6,UMAP_7,UMAP_8,UMAP_9,UMAP_10,UMAP_11,UMAP_12,UMAP_13,UMAP_14,UMAP_15,UMAP_16,UMAP_17,UMAP_18,UMAP_19,UMAP_20,UMAP_21,UMAP_22,UMAP_23,UMAP_24,UMAP_25,UMAP_26,UMAP_27,UMAP_28,UMAP_29,UMAP_30,UMAP_31,UMAP_32,UMAP_33,UMAP_34,UMAP_35,UMAP_36,UMAP_37,UMAP_38,UMAP_39,UMAP_40,UMAP_41,UMAP_42,UMAP_43,UMAP_44,UMAP_45,UMAP_46,UMAP_47,UMAP_48,UMAP_49,UMAP_50,cluster
0,01-MFCC.csv,6.8562603,4.0331626,3.5445561,6.2466726,4.5465927,5.3204966,4.6576247,5.2019873,4.5508394,4.541719,3.403029,5.3193645,5.6426897,2.9804044,7.132883,6.526168,3.4451704,6.207946,7.3551493,4.7259254,2.2610717,5.825144,3.5883312,5.627557,5.633044,5.4435105,5.080078,3.8485749,5.9328885,5.2125144,4.5115166,4.2802844,6.583319,4.3755245,4.1406097,4.6561313,4.560585,3.7118526,4.7140565,7.6756377,5.2573404,4.978259,2.789525,4.7731543,4.5100255,4.7381983,5.717994,5.0229516,4.560906,4.988059,0
1,02-MFCC.csv,6.7835145,4.1669536,3.5802977,6.286462,4.4349732,5.4441075,4.7006593,5.176171,4.4523506,4.418877,3.3258674,5.39096,5.69215,3.0473387,7.072553,6.5494223,3.4172168,6.278862,7.4330573,4.634112,2.2564127,5.886702,3.6681945,5.618341,5.6682725,5.605578,5.0569606,3.9261365,5.9887996,5.195926,4.503314,4.212482,6.685233,4.506305,4.2421494,4.6806083,4.4989815,3.7310414,4.795076,7.5590105,5.293312,4.974403,2.6525323,4.9155645,4.675335,4.6150227,5.722447,5.0735497,4.6479917,4.9544563,0
2,03-MFCC.csv,6.698395,4.1937733,2.8431087,6.5661554,5.185084,5.100339,4.3395987,4.606274,3.7736576,4.1599355,2.3442547,5.9004736,6.8916564,2.9085076,6.6019073,5.5321655,3.749715,6.288396,7.195029,4.4647975,2.7762108,6.5401573,2.8305304,5.1898255,6.364379,5.612277,4.9748483,3.9899356,5.1950064,5.393507,5.0623856,4.9410477,6.4563346,4.6000834,4.438101,4.727194,5.6029606,2.4259224,5.2317085,7.943405,4.649438,4.271184,2.5800512,4.73179,4.7253585,5.0510697,5.4228435,4.1064334,4.76642,4.562262,1
3,04-MFCC.csv,6.767843,3.9945302,2.8513186,6.546164,5.395988,5.1828375,4.4333835,4.451271,3.9789946,4.377937,2.6508038,5.770504,6.605125,2.8192184,6.8305116,5.3636065,3.9817817,6.0981436,6.973513,4.6319246,2.9277184,6.2465076,2.6891782,5.304407,6.1554255,5.3091025,5.121882,3.9469743,5.1473947,5.5090437,5.113893,5.2188797,6.4245305,4.4275723,4.13445,4.497179,5.8104553,2.492596,5.0566792,7.8537464,4.6666865,4.1649613,2.6188223,4.666743,4.6572447,5.016705,5.277536,4.219132,4.596879,4.58441,3
4,05-MFCC.csv,7.1083803,3.6379352,3.746134,5.878458,4.6909723,5.4443836,4.564274,4.9879003,4.920068,4.8001165,3.7175019,5.0855246,5.4766526,2.7968223,7.2016478,6.5315557,3.804789,5.857002,7.1412654,4.7795043,2.6228583,5.3957295,3.4376354,5.518004,5.335501,5.1282387,5.1586485,4.1057515,5.8392377,5.6017413,4.152331,4.25862,6.1250377,3.9563098,3.9214895,4.5561175,4.81961,3.8457677,4.3094554,7.831988,5.6560464,4.9665303,2.811371,4.4542685,4.1746182,4.7002974,5.7252975,5.0758634,4.073014,5.052649,2
5,06-MFCC.csv,6.594348,3.9917831,2.9364798,6.660337,5.401423,5.0793214,4.4973636,4.555328,4.098934,4.302768,2.7029433,5.982278,6.51646,2.7080195,6.8041105,5.3618226,3.878527,6.1579823,6.8976717,4.6081867,2.786406,6.2727156,2.60291,5.397917,6.0927963,5.243756,5.3250337,3.7981944,4.9654818,5.363656,5.129031,5.315556,6.5400376,4.337191,4.1797824,4.5281663,5.796222,2.5921702,5.1473446,7.8660154,4.772681,4.326044,2.9290557,4.605282,4.494475,5.065051,5.2241244,4.1514835,4.722249,4.6199183,3
6,07-MFCC.csv,6.849871,3.9228175,3.3210151,6.331413,5.0243154,5.3081,4.5645328,4.823235,4.383592,4.5692334,3.1462102,5.451601,6.00691,2.8440416,7.023806,5.9698224,3.7912178,6.0584464,7.105795,4.72875,2.6557882,5.849325,3.1054423,5.483906,5.800591,5.26645,5.153221,3.9201474,5.5330987,5.4465227,4.7328424,4.7493234,6.4286647,4.292168,4.0179873,4.533072,5.2370944,3.1971433,4.759541,7.780978,5.057502,4.624472,2.7379954,4.6395764,4.507605,4.8716803,5.504201,4.66858,4.4487906,4.8145833,4
7,08-MFCC.csv,6.6023445,4.2445145,3.028628,6.609913,5.0963664,5.1737638,4.5003796,4.7709002,3.9365268,4.257913,2.5428557,5.7793546,6.6110525,2.8501785,6.736312,5.6368065,3.5907564,6.3413296,7.1597657,4.477938,2.649523,6.399034,2.9441152,5.361088,6.1994433,5.5210342,5.0615554,3.8726094,5.3220725,5.315422,5.0462103,4.912595,6.555354,4.59906,4.3322444,4.735949,5.453277,2.6230147,5.1103826,7.886325,4.7375083,4.4873304,2.616242,4.778469,4.77842,4.9625206,5.51902,4.301695,4.7948527,4.6418977,1
8,09-MFCC.csv,7.1536617,3.5905612,3.8406076,5.858511,4.7351995,5.372318,4.5322094,5.055742,4.8254366,4.773346,3.7224796,5.1861935,5.5239496,2.902561,7.160609,6.6973596,3.9264634,5.791723,7.2697587,4.799468,2.5536292,5.2940316,3.470084,5.4933496,5.433556,5.1545873,5.089446,4.1372395,5.8631697,5.473105,4.0836296,4.2307577,6.2660556,3.8773696,3.9962766,4.4766884,4.7808404,3.9916728,4.3907294,7.8056107,5.703031,4.970864,2.801274,4.3899016,4.1352954,4.6748576,5.721344,5.017632,4.0419803,5.1057734,2
9,10-MFCC.csv,6.654163,3.9794588,2.7418623,6.6696486,5.4093423,5.000021,4.3804364,4.5744195,4.1395655,4.391029,2.592708,5.908857,6.6259317,2.6369925,6.809433,5.379814,3.8758264,6.094727,6.918674,4.715257,2.841464,6.2123084,2.631677,5.3450994,6.10806,5.1724505,5.2469463,3.803177,5.064006,5.48312,5.1330953,5.1328907,6.365579,4.384683,4.1145325,4.5564704,5.742822,2.541316,5.098226,7.9900227,4.771012,4.258664,3.041673,4.449177,4.47512,5.2422266,5.1825113,4.0380406,4.585293,4.6787977,3
10,100-MFCC.csv,7.169373,3.509541,3.8850758,5.792156,4.690401,5.2594457,4.5178375,5.060433,4.8853154,4.778596,3.7525477,5.165559,5.4880486,2.8704152,7.20623,6.7246537,3.8830252,5.7886286,7.247422,4.7475786,2.5211494,5.295575,3.521098,5.4720407,5.3673925,5.102755,5.1109247,4.1160502,5.883612,5.4885674,4.0216894,4.214871,6.177365,3.8066084,4.0585704,4.555965,4.726691,4.0147443,4.342207,7.9321237,5.805109,5.0079064,2.865756,4.356382,4.029357,4.653272,5.7825766,5.007426,4.0095115,5.1090527,2
11,101-MFCC.csv,6.853358,3.9291065,3.361808,6.325535,5.0009637,5.313055,4.567901,4.8484116,4.3742347,4.5666275,3.1487164,5.4493814,5.983739,2.8649025,7.0306993,6.0073047,3.7885413,6.0602403,7.1332817,4.734452,2.627691,5.839197,3.1338003,5.487154,5.796636,5.2821937,5.1444054,3.9198482,5.555011,5.43303,4.7202363,4.72072,6.442131,4.2956896,4.026201,4.5426264,5.20235,3.2349682,4.7641325,7.7653065,5.061242,4.646082,2.7311678,4.6476903,4.498767,4.8702793,5.508737,4.6806884,4.452452,4.821524,4
12,102-MFCC.csv,6.6457176,3.8873425,2.3540683,6.784063,5.7372603,4.9341593,4.4386606,4.354633,4.255313,4.558671,2.547219,5.795927,6.726623,2.5170555,6.75234,5.0252714,4.017861,6.048455,6.6297736,4.751796,3.0922272,6.1532745,2.3327112,5.3688407,6.158703,4.9574957,5.3744826,3.7795067,4.8204846,5.5396504,5.33711,5.5605483,6.2693806,4.3280535,3.9135067,4.3700995,6.15967,2.1913886,4.997114,7.9845586,4.6169744,4.067083,3.0414097,4.4276314,4.5820994,5.241867,5.132332,3.8643947,4.515542,4.6519217,5
13,103-MFCC.csv,6.6380277,4.253015,2.9469814,6.5947113,5.1366534,5.133926,4.391987,4.6933713,3.7750363,4.165414,2.3688407,5.8814235,6.838208,2.893678,6.631424,5.578748,3.6687243,6.336443,7.2099457,4.445212,2.70872,6.520243,2.8854492,5.232536,6.343269,5.61855,4.9818106,3.9499102,5.24212,5.352057,5.0627966,4.909555,6.50699,4.631689,4.4406695,4.779894,5.540303,2.4735134,5.2159743,7.939668,4.662606,4.377382,2.568702,4.7597284,4.753583,5.02263,5.479828,4.162518,4.806296,4.5823126,1
14,104-MFCC.csv,6.7485976,4.0306377,2.777606,6.555569,5.2627606,5.260281,4.6460557,4.6270294,4.385746,4.65536,3.0086515,5.3518314,6.209505,2.7327557,7.023004,5.5453143,3.6354628,6.1759667,6.8701715,4.6723056,2.8598094,6.081775,2.9000149,5.514037,5.928907,5.1028786,5.191395,3.7932758,5.4476833,5.5148177,5.07299,5.086316,6.437559,4.4831944,3.848444,4.4181185,5.5501194,2.706951,4.747343,7.8567605,4.785998,4.415259,2.7242103,4.756832,4.859995,4.887826,5.501518,4.5963182,4.5631332,4.709504,4
15,105-MFCC.csv,6.655017,3.8529847,2.3070877,6.7796545,5.742814,4.905189,4.4206505,4.377223,4.28674,4.616176,2.5654209,5.7759967,6.751794,2.4791455,6.810009,5.055874,3.9926238,6.0387545,6.606347,4.7903724,3.092735,6.1402154,2.3718832,5.3563375,6.1541224,4.8866715,5.3600245,3.7571573,4.8911934,5.592668,5.3047886,5.4824414,6.2013025,4.299536,3.8487127,4.402899,6.1101184,2.2059314,4.976074,8.051552,4.662226,4.0956097,3.1160443,4.370624,4.545318,5.31106,5.130772,3.8537807,4.4812613,4.694253,5
16,106-MFCC.csv,6.8980427,3.8064241,3.254296,6.301091,5.2157598,5.327962,4.4744573,4.608732,4.2235866,4.4717636,3.0848935,5.633511,6.165999,2.842266,6.989827,5.711079,4.075048,5.955281,7.0502276,4.7413373,2.7977302,5.859907,2.8556068,5.371255,5.875971,5.2696953,5.167045,4.0129485,5.271355,5.4944134,4.80475,5.023229,6.406378,4.203923,4.086778,4.474687,5.5727005,3.0227568,4.875469,7.761693,4.9579334,4.3760033,2.7063458,4.6094093,4.375597,4.883733,5.312878,4.528707,4.4223037,4.677802,4
17,107-MFCC.csv,6.8157825,4.0889096,3.517638,6.301901,4.60057,5.369706,4.6786156,5.176226,4.4554863,4.50157,3.373187,5.3543816,5.693557,3.0021145,7.163636,6.4267435,3.446297,6.24537,7.3546524,4.723912,2.245107,5.868168,3.5387952,5.624725,5.6825275,5.480956,5.074312,3.8236046,5.90461,5.194458,4.6007514,4.3748965,6.6464434,4.451126,4.1353908,4.679129,4.644171,3.6192794,4.7731643,7.6266975,5.153361,4.927215,2.7438145,4.8588595,4.57985,4.72124,5.675327,5.029523,4.6270776,4.919559,0
18,108-MFCC.csv,6.919554,4.0157,3.5969646,6.2200565,4.5627875,5.3170366,4.622921,5.212555,4.5289626,4.519885,3.4124463,5.3393536,5.620495,3.0618036,7.187163,6.597134,3.4786856,6.1875544,7.438308,4.748813,2.2063396,5.8678308,3.5919363,5.5951037,5.626276,5.454264,5.0210814,3.8744857,5.9574695,5.1828957,4.481391,4.288989,6.583144,4.359129,4.1474004,4.6418886,4.559579,3.7689836,4.7398005,7.647447,5.235009,4.942766,2.7916558,4.760936,4.4645805,4.790162,5.697504,5.018538,4.558192,4.9815555,0
19,109-MFCC.csv,6.6233125,4.013521,3.0061324,6.651287,5.4458895,5.1739807,4.4755297,4.5174956,3.9842002,4.2698193,2.669026,5.990233,6.559991,2.7615633,6.8258457,5.298128,3.995583,6.1370735,6.9501653,4.6324224,2.790547,6.243348,2.5597048,5.3578434,6.1415005,5.2938557,5.272269,3.8377016,4.9383492,5.374245,5.1820345,5.386521,6.553473,4.387786,4.2136106,4.5258746,5.8892217,2.533312,5.184992,7.8133717,4.665212,4.2272058,2.8368669,4.6645465,4.496687,5.0492887,5.16403,4.1521726,4.7164774,4.5390587,3
20,11-MFCC.csv,6.746478,3.9733543,2.696885,6.587238,5.4450326,5.1816883,4.536248,4.466892,4.2135887,4.55191,2.773923,5.5666113,6.4220667,2.7268636,6.901242,5.318551,3.8694904,6.097844,6.8487115,4.6707726,2.9821918,6.1449556,2.671244,5.4041734,6.0496874,5.124785,5.201543,3.8529575,5.20109,5.5566397,5.1624084,5.2717295,6.418573,4.424561,3.9309173,4.386737,5.826617,2.5118594,4.8898597,7.880214,4.684126,4.2250347,2.715736,4.673775,4.7580323,4.98958,5.3354278,4.335464,4.550778,4.6281157,4
21,110-MFCC.csv,6.884794,3.7752926,3.0965142,6.3189607,5.2894645,5.1615963,4.4021854,4.5948367,4.274524,4.4535832,2.9591832,5.724788,6.345486,2.7583303,6.795657,5.6667814,4.015116,5.9368315,7.0010524,4.693981,2.847764,5.8994746,2.7471638,5.341536,5.9155655,5.253159,5.216674,4.0185695,5.1650352,5.5304136,4.7562847,4.994426,6.277411,4.114896,4.0832205,4.506113,5.601234,2.9225924,4.911291,7.897715,5.065028,4.377416,2.805771,4.431114,4.3356667,4.985926,5.346761,4.3170676,4.374754,4.741431,4
22,111-MFCC.csv,7.152974,3.5862632,3.8647456,5.8396244,4.6830683,5.3626986,4.567392,5.104415,4.9716277,4.878324,3.7647526,5.060459,5.5209475,2.857137,7.261237,6.7506504,3.8484945,5.8050704,7.2208624,4.771755,2.551835,5.2738967,3.536103,5.513465,5.365001,5.0309997,5.0959744,4.1035023,5.936261,5.5012174,4.0435705,4.178885,6.1845727,3.8889549,3.9482884,4.509584,4.756351,3.981638,4.2541933,7.874552,5.813564,5.073617,2.8471074,4.37794,4.146412,4.6579676,5.817026,5.0439725,3.992389,5.154811,2
23,112-MFCC.csv,6.6222534,3.8820388,2.2819088,6.7704167,5.6064453,4.8092647,4.431296,4.3582244,4.307538,4.5167294,2.5260286,5.844223,6.5993705,2.51909,6.7765036,5.094686,3.8476548,6.078317,6.6551714,4.706036,3.0944555,6.3718286,2.449609,5.3914638,6.0980706,4.938647,5.3634405,3.6958072,4.959317,5.581854,5.30039,5.3627553,6.386392,4.339297,3.9094756,4.3192024,5.952989,2.3511705,5.0190997,8.068374,4.702442,4.126103,3.1383214,4.431152,4.6112223,5.2952347,5.128506,3.9650545,4.5935435,4.681504,5
24,113-MFCC.csv,6.707614,3.8933578,2.3384829,6.677205,5.5495067,4.8100014,4.3252683,4.3702574,4.2741494,4.328528,2.5618794,5.95091,6.705073,2.6010926,6.583145,5.1533365,3.8810754,6.0648146,6.8063564,4.6697645,2.9824667,6.3931737,2.4150186,5.3595066,6.116432,5.1323934,5.3188715,3.7700293,4.8934045,5.5102496,5.2053666,5.310064,6.298556,4.316926,4.1002197,4.3609934,5.9105997,2.3369234,5.1134343,8.034925,4.743802,4.019405,3.1177256,4.4060526,4.5331035,5.284487,5.1218777,3.8927796,4.5735064,4.6112394,5
25,114-MFCC.csv,6.6611285,4.2061524,2.9051893,6.566367,4.9772134,5.1975055,4.5986567,4.819559,4.237908,4.4228663,2.773456,5.527906,6.319545,2.8440816,6.8348765,5.8052855,3.4475758,6.332715,7.119351,4.5248165,2.6471183,6.283314,3.1098144,5.4761176,6.022638,5.413548,5.104992,3.8439894,5.530764,5.347484,4.9595723,4.7691307,6.531722,4.588688,4.1585326,4.617501,5.2371316,2.835326,4.9201293,7.8387194,4.876947,4.5781283,2.67787,4.8117137,4.890013,4.8813167,5.6105757,4.5231586,4.7206173,4.7528644,1
26,115-MFCC.csv,6.9618034,3.6976311,3.1686833,6.2443757,5.280074,5.244021,4.4046626,4.5514917,4.2869697,4.4808826,3.09075,5.6780944,6.2131104,2.8061926,6.90615,5.700131,4.148909,5.8674726,7.0159426,4.7601237,2.863297,5.805743,2.7711515,5.3318815,5.854961,5.2273507,5.196337,4.0606475,5.1905613,5.5481353,4.7296996,5.022229,6.293075,4.0774317,4.067347,4.441683,5.6200337,3.0270154,4.870569,7.816535,5.0562863,4.3246717,2.7813275,4.4712424,4.2650146,4.937194,5.2792354,4.424036,4.3240094,4.713353,4
27,116-MFCC.csv,7.033913,3.7887352,3.6684184,5.9943585,4.6171427,5.484417,4.547302,4.9426312,4.7168565,4.585902,3.5186496,5.2724853,5.604987,2.9111328,7.0628977,6.520595,3.7718468,5.940426,7.2678657,4.72601,2.5835512,5.5552735,3.474446,5.488298,5.4702315,5.369038,5.120014,4.164094,5.82961,5.518183,4.2185793,4.2257047,6.296687,4.104622,4.0447073,4.558458,4.7703843,3.8110442,4.522661,7.6982136,5.584064,4.8564587,2.6957982,4.565824,4.379154,4.6730394,5.6556168,5.0250654,4.219987,4.9987435,2
28,12-MFCC.csv,6.7703705,3.928547,2.6542108,6.572143,5.4809074,5.0275226,4.309754,4.3596907,3.9304624,4.274098,2.4698825,5.961067,6.7843475,2.7737355,6.6470156,5.251597,4.069187,6.0495915,6.962129,4.6344447,2.9977295,6.3258963,2.5108857,5.223491,6.232587,5.334782,5.151583,3.9697483,4.931871,5.52277,5.1329117,5.2869797,6.36439,4.354583,4.22933,4.4561615,5.937838,2.407872,5.1853347,7.921018,4.686215,4.0276318,2.760498,4.5368776,4.526511,5.1575103,5.148618,3.9726243,4.583763,4.554592,3
29,13-MFCC.csv,6.740609,3.7088256,2.2838678,6.6636734,5.708209,4.795361,4.365078,4.193726,4.2457566,4.514199,2.5878146,5.926701,6.6551275,2.5602427,6.8082557,5.0652876,4.0735326,5.956686,6.586869,4.738006,3.2024167,6.318995,2.3562987,5.29706,6.104766,4.914476,5.3691483,3.808904,4.837732,5.6343875,5.2234454,5.467812,6.3046646,4.1756,3.8951313,4.2844586,6.082879,2.351911,5.0493884,8.027212,4.7680306,4.0074344,3.093215,4.3737354,4.453016,5.277544,5.026629,3.9072754,4.5147595,4.6723075,5
30,14-MFCC.csv,6.636944,4.0346737,2.7588563,6.6351914,5.2852845,5.0776668,4.577648,4.595451,4.3299413,4.529505,2.7574317,5.5824456,6.3647575,2.656209,6.8220863,5.4462647,3.696705,6.1872582,6.834181,4.620751,2.914707,6.2161546,2.7999132,5.499013,6.0153017,5.1589613,5.258357,3.7676594,5.2662926,5.4765863,5.1131387,5.1208096,6.4855494,4.4378905,3.9956114,4.410042,5.6140394,2.637749,4.8655553,7.9352098,4.7800136,4.406117,2.814811,4.6499586,4.7846265,5.007436,5.441939,4.350143,4.622851,4.72783,4
31,15-MFCC.csv,6.8121934,3.905907,3.0407224,6.4275656,5.2472386,5.234255,4.5226865,4.574031,4.256585,4.5197043,2.9591808,5.5594215,6.271954,2.7767985,6.92246,5.598283,3.9283075,6.0534873,6.942194,4.688093,2.8842483,6.0205474,2.8485994,5.426326,5.9516344,5.2304673,5.1813493,3.9228415,5.3014927,5.5112042,4.932242,5.0701203,6.418341,4.3163695,4.0293856,4.429475,5.5882773,2.8318996,4.841188,7.8343825,4.8615327,4.3712683,2.6843078,4.6488643,4.5896564,4.9196467,5.3989663,4.470375,4.49424,4.693742,4
32,16-MFCC.csv,6.7754693,4.1696215,3.565927,6.27564,4.369385,5.438442,4.696854,5.1554213,4.493713,4.4078417,3.3032465,5.3844748,5.6907377,3.0171328,7.0176435,6.5810795,3.3996825,6.275628,7.4187717,4.6060815,2.3025007,5.880106,3.714478,5.613774,5.646664,5.6219196,5.077076,3.9625456,6.0041866,5.235322,4.4587626,4.124613,6.651679,4.5038333,4.2641487,4.6791334,4.4399347,3.755126,4.770854,7.5712366,5.3730907,4.991876,2.6323915,4.90052,4.7106857,4.6000896,5.737635,5.0594196,4.6221457,4.985641,0
33,17-MFCC.csv,6.812149,4.1658487,3.6039526,6.2560606,4.381237,5.481421,4.6870446,5.0952363,4.485912,4.375255,3.3050604,5.4093804,5.6842833,3.0742388,7.0384645,6.6068816,3.4490259,6.2455773,7.454905,4.59118,2.326253,5.906354,3.7100928,5.58019,5.62687,5.6423163,5.0587606,4.0272603,6.0169845,5.274325,4.417949,4.129016,6.6256766,4.4982867,4.251755,4.6471186,4.464951,3.7797127,4.7840524,7.526816,5.4010243,4.939548,2.5861762,4.9031234,4.7268376,4.6106863,5.713178,5.067874,4.6024704,4.973761,0
34,18-MFCC.csv,7.133664,3.5863924,3.8226264,5.8169203,4.659638,5.3967004,4.5789027,5.031538,5.003717,4.858044,3.801483,5.014681,5.39641,2.7786503,7.2722116,6.612244,3.7825503,5.842591,7.130213,4.763925,2.5913985,5.343725,3.4984314,5.524309,5.270508,5.057308,5.162662,4.090107,5.8977504,5.608816,4.081733,4.2120714,6.077582,3.9030635,3.9241025,4.586681,4.757968,3.9136791,4.2257996,7.900396,5.7394176,5.041206,2.8537092,4.4305325,4.086095,4.675835,5.7877955,5.122595,4.025056,5.0865016,2
35,19-MFCC.csv,6.724689,4.0054374,2.9868846,6.572836,5.3810673,5.2440853,4.507731,4.48701,4.012241,4.396156,2.7712824,5.757691,6.474642,2.8124242,6.93188,5.360911,3.9795759,6.1164317,6.944523,4.658001,2.8718135,6.2090874,2.7207944,5.3769326,6.098296,5.2744904,5.172387,3.8828313,5.165895,5.4601865,5.151329,5.275691,6.5141673,4.436124,4.1057754,4.4741535,5.7977805,2.5452142,5.037189,7.7919436,4.63697,4.21772,2.6399114,4.727375,4.654927,4.974572,5.2619486,4.3236084,4.641505,4.578865,3
36,20-MFCC.csv,6.560095,4.263584,3.0831683,6.6276326,5.1563334,5.1683936,4.4727736,4.7839923,3.8176367,4.195692,2.4502242,5.898822,6.7639313,2.8386457,6.715031,5.579809,3.623811,6.355172,7.168179,4.449736,2.6145215,6.4353666,2.8715732,5.3122983,6.2633038,5.5431523,5.0606456,3.8690517,5.229204,5.2876387,5.067407,4.9729075,6.5647607,4.588199,4.392604,4.8332343,5.5439434,2.532435,5.1889105,7.9219003,4.6985517,4.4826093,2.6215906,4.7529607,4.699362,4.9900923,5.497809,4.214874,4.8351183,4.6018667,1
37,21-MFCC.csv,6.706134,4.0056987,2.9747667,6.50816,5.257205,5.2042503,4.610723,4.704422,4.424485,4.6181564,2.9544861,5.4516706,6.2400565,2.6832592,6.9339743,5.6259384,3.6803157,6.1404977,6.883093,4.6306305,2.8274734,6.0053186,2.8825178,5.4989495,5.9133234,5.127291,5.2413535,3.8278112,5.3858833,5.5152273,4.9385433,4.996707,6.3924203,4.3589277,3.902494,4.5233607,5.5233364,2.7736144,4.739641,7.936198,4.9277105,4.5734444,2.7734044,4.6204057,4.714596,4.9103904,5.5636387,4.496695,4.5119762,4.779991,4
38,22-MFCC.csv,6.766074,3.9898484,2.8964338,6.519096,5.2786274,5.25183,4.580381,4.591194,4.2982693,4.5892024,2.9455016,5.4566555,6.2703805,2.7449868,6.971467,5.52997,3.7819316,6.120876,6.9004536,4.683572,2.8868334,6.0712223,2.8533902,5.4685893,5.960224,5.1616545,5.1810513,3.8458261,5.3648696,5.5245414,5.0417876,5.0996017,6.4297643,4.4271894,3.9305134,4.4201236,5.600992,2.721855,4.801328,7.8550234,4.784058,4.370402,2.6935735,4.702934,4.7521057,4.9263043,5.43971,4.5131245,4.535402,4.689959,4
39,23-MFCC.csv,7.0298877,3.6161273,3.2308805,6.1597266,5.257738,5.2402267,4.3693247,4.5500517,4.3212986,4.4889827,3.1572435,5.6781363,6.1651244,2.8207715,6.892428,5.778526,4.2167974,5.8022733,7.041854,4.7826037,2.8685358,5.7246647,2.7880375,5.310856,5.809068,5.228889,5.1894565,4.115858,5.1917014,5.5621076,4.6328883,4.9696517,6.246435,3.986975,4.081354,4.423123,5.587832,3.1334696,4.848027,7.8123865,5.1423154,4.32531,2.7890203,4.4101515,4.166944,4.9306965,5.2699122,4.4342947,4.2508283,4.744338,4
40,24-MFCC.csv,6.777333,3.8936465,2.546471,6.5774255,5.49522,4.927904,4.284127,4.3808627,4.0970798,4.271752,2.5554292,5.980265,6.7689443,2.7094958,6.5988503,5.258451,3.9948227,6.0394993,6.922043,4.654833,2.9509585,6.3393245,2.4756894,5.271435,6.168607,5.271008,5.219903,3.9040844,4.9145904,5.508335,5.10701,5.253429,6.281169,4.3049574,4.200081,4.4492245,5.890357,2.3954003,5.16261,7.9751797,4.760145,4.0230513,2.945675,4.444055,4.469652,5.2187905,5.139923,3.923077,4.552196,4.58573,3
41,25-MFCC.csv,6.7389545,3.9507468,3.1040936,6.5306644,5.383167,5.2727547,4.4870663,4.5353885,4.0601625,4.385258,2.8313744,5.7969866,6.414981,2.7979896,6.924516,5.4257674,4.0573773,6.0608277,6.9772778,4.700337,2.8184042,6.0640097,2.676729,5.3701677,6.0525317,5.269557,5.21104,3.902653,5.0971646,5.444972,5.077456,5.272598,6.4898334,4.3561044,4.125237,4.487677,5.7926188,2.682337,5.0406313,7.7774777,4.7213383,4.2511554,2.7371657,4.6701074,4.500175,4.9820313,5.2179112,4.3136864,4.5863357,4.580666,3
42,26-MFCC.csv,7.1314836,3.5384429,3.828699,5.835958,4.727809,5.221918,4.5444126,5.073536,4.9064507,4.8203206,3.7272406,5.1203837,5.519184,2.82771,7.2643313,6.648265,3.8144426,5.8368998,7.1877017,4.733502,2.5081663,5.347736,3.4973192,5.4856567,5.3782206,5.037736,5.1275764,4.0491934,5.86956,5.482419,4.091501,4.270864,6.170646,3.8532264,4.026347,4.601416,4.781713,3.8960733,4.309051,7.984676,5.7505193,5.024194,2.9024417,4.385143,4.034112,4.671112,5.8048234,4.9962263,4.0414486,5.0903587,2
43,27-MFCC.csv,6.9185586,3.9641364,3.6308098,6.1702576,4.53789,5.3470726,4.6420593,5.2016387,4.6003814,4.5676665,3.4990597,5.289592,5.5725574,2.9968982,7.17417,6.6063046,3.5133047,6.142646,7.3745494,4.754865,2.2646515,5.7290325,3.6126034,5.614072,5.575528,5.420738,5.070171,3.8940184,5.962458,5.2384176,4.421319,4.239554,6.550133,4.3041778,4.119524,4.6342225,4.539484,3.819536,4.663904,7.6640186,5.3385,4.9888654,2.784802,4.7355456,4.4461384,4.719268,5.714097,5.0682855,4.483764,5.010893,0
44,28-MFCC.csv,7.1262846,3.6677911,3.6402998,5.896189,4.647526,5.5712633,4.484544,4.8891134,4.888082,4.711275,3.6046886,5.1233683,5.560273,2.8000448,7.0944624,6.4539175,3.8484643,5.8339353,7.155476,4.8280087,2.717019,5.4113016,3.3856952,5.4684706,5.3620524,5.2530646,5.154461,4.2300534,5.754518,5.6557508,4.145893,4.2107663,6.1240406,4.0011435,3.8810549,4.545103,4.906358,3.797112,4.34404,7.730755,5.6630654,4.8360744,2.7485816,4.4408937,4.2877,4.713359,5.6197886,5.0618186,4.049035,5.01065,2
45,29-MFCC.csv,7.1590977,3.6077962,3.8382764,5.874971,4.727903,5.402841,4.539953,5.073027,4.8732567,4.8271565,3.7101142,5.1496105,5.5844173,2.9011204,7.1630144,6.737767,3.9443355,5.76944,7.2691135,4.8091774,2.5889964,5.2554903,3.4754455,5.500079,5.442471,5.1035676,5.0730743,4.1531267,5.888595,5.483985,4.0685697,4.2042246,6.2559514,3.8949273,3.9590344,4.428181,4.8026643,3.999671,4.3473616,7.78923,5.766738,5.003635,2.7937026,4.3605647,4.191355,4.6752415,5.743109,4.9909663,4.0007896,5.1480403,2
46,30-MFCC.csv,6.7065864,4.052801,3.177364,6.5279474,5.2294083,5.275712,4.5004106,4.6557665,3.9900272,4.3807774,2.7639236,5.728484,6.440497,2.8202937,6.9128504,5.5564814,3.8852372,6.1544943,7.0608478,4.641806,2.758336,6.150122,2.8406072,5.376223,6.086263,5.363346,5.1204596,3.8934786,5.253847,5.412667,5.038957,5.0839295,6.528476,4.4537654,4.183243,4.5828867,5.615029,2.737912,5.0234876,7.818539,4.725409,4.375674,2.635713,4.7188196,4.6027265,4.9654617,5.3538604,4.3856125,4.6425705,4.6148725,3
47,31-MFCC.csv,6.809813,4.1089253,3.4368935,6.3244495,4.5966644,5.303345,4.6221137,5.0997705,4.440756,4.4435105,3.1898818,5.430308,5.831332,2.9869583,7.0230365,6.4058657,3.4544563,6.2462993,7.359584,4.645224,2.3419185,5.991773,3.5104222,5.561864,5.733798,5.49905,5.061858,3.899209,5.8485594,5.240057,4.5850706,4.3399525,6.5743346,4.4485154,4.212449,4.658234,4.6814656,3.5322733,4.8086176,7.6896343,5.1989594,4.869178,2.7317345,4.7858334,4.6116567,4.7802906,5.68283,4.870853,4.616602,4.9340096,0
48,32-MFCC.csv,6.844339,3.7432413,2.365514,6.5765405,5.6521525,4.8342614,4.2236733,4.2432313,4.164647,4.3691773,2.586334,5.9899144,6.814594,2.6136525,6.6186576,5.137584,4.163997,5.9096613,6.776506,4.76853,3.1020527,6.24613,2.334214,5.2428627,6.146928,5.101124,5.272005,3.9053354,4.813137,5.6146317,5.1304245,5.3839126,6.15232,4.1964493,4.08723,4.34612,6.0507817,2.3221924,5.124377,8.0344515,4.763122,3.8878407,3.0904715,4.2931194,4.315763,5.333381,5.0122194,3.794249,4.4255342,4.6061406,5
49,33-MFCC.csv,6.810376,3.6760552,2.3211474,6.606301,5.709518,4.8142705,4.3011866,4.200306,4.231384,4.5002337,2.6255362,5.9315996,6.7148237,2.5670848,6.765526,5.108409,4.1601715,5.899584,6.6332626,4.7834973,3.1877635,6.218203,2.3423169,5.2633333,6.1071396,4.9490256,5.335457,3.8676255,4.825113,5.651879,5.159039,5.4417357,6.1993427,4.142286,3.9353774,4.3085356,6.087678,2.3568826,5.051184,8.034402,4.7917657,3.9606173,3.109434,4.3045588,4.3480883,5.3061924,5.010688,3.8565588,4.431447,4.668487,5
50,34-MFCC.csv,6.6643877,4.1460924,2.8279843,6.582136,5.0708737,5.1773233,4.617858,4.7719874,4.3375993,4.505228,2.8357646,5.4833183,6.2778273,2.7733982,6.8676877,5.722571,3.4785028,6.2848964,7.0148883,4.568035,2.7164884,6.215033,3.0321376,5.5061975,5.977203,5.28929,5.168379,3.8080268,5.486723,5.3994412,4.989916,4.85902,6.4903636,4.533836,4.0465164,4.5520196,5.3248825,2.8004286,4.8561583,7.8682976,4.884046,4.55439,2.7486498,4.756383,4.8738747,4.905313,5.5829945,4.5141735,4.665493,4.7673726,4
51,35-MFCC.csv,6.8517065,4.0342803,3.4817796,6.2950788,4.5960746,5.249211,4.6287346,5.189842,4.5077095,4.5302157,3.3324091,5.367029,5.6977386,2.975882,7.122405,6.4718084,3.4540215,6.2130885,7.352285,4.747705,2.256878,5.890667,3.5403337,5.613651,5.675761,5.421876,5.076382,3.8124287,5.8839283,5.1949577,4.578358,4.3377814,6.5861664,4.387674,4.152583,4.648819,4.599857,3.6443884,4.7644525,7.7022314,5.181207,4.9275355,2.836015,4.747823,4.4805694,4.817858,5.6721635,4.9250307,4.5872545,4.975405,0
52,36-MFCC.csv,6.824167,3.8425634,2.9861143,6.3970037,5.2953677,5.130117,4.4457784,4.5822873,4.299689,4.484285,2.907569,5.664034,6.369825,2.7211378,6.7991214,5.601515,3.9279044,6.006478,6.9382625,4.6690407,2.886534,5.996197,2.7552087,5.381368,5.9506373,5.2195477,5.2208138,3.951016,5.1969895,5.5294313,4.848891,5.0288053,6.3125973,4.201949,4.0522003,4.479765,5.6035123,2.8254118,4.878302,7.925804,4.9849324,4.3816795,2.803328,4.489768,4.4636407,4.991137,5.391601,4.32348,4.4335704,4.7326775,4
53,37-MFCC.csv,6.671008,4.064318,2.8630602,6.568913,5.1708026,5.1175485,4.555487,4.7133784,4.3215227,4.502851,2.8030353,5.5645514,6.3589225,2.7055638,6.8236084,5.633366,3.6109931,6.2094717,6.949479,4.603989,2.7928047,6.177922,2.9112604,5.475449,5.997427,5.242617,5.2042,3.8112483,5.3604465,5.4468493,4.987399,4.9370275,6.435273,4.439364,4.0451927,4.532857,5.445477,2.7534153,4.868485,7.9358435,4.8840146,4.507497,2.8092184,4.6391425,4.7400804,4.986403,5.517448,4.39767,4.606601,4.759681,4
54,38-MFCC.csv,6.6846004,3.846185,2.363492,6.7594833,5.7744975,4.9533534,4.4136224,4.3737416,4.287131,4.605175,2.6052976,5.770554,6.76565,2.4931881,6.7760425,5.0544868,4.0680003,6.0095754,6.6169147,4.8041983,3.0771163,6.061153,2.3205335,5.352607,6.149667,4.9180255,5.3739204,3.803249,4.8193684,5.561117,5.294627,5.552807,6.167862,4.2830095,3.877133,4.4111066,6.174722,2.1802373,4.9680853,7.999927,4.651806,4.064744,3.0882175,4.3619914,4.5045652,5.270678,5.1272326,3.8277903,4.4409976,4.6771827,5
55,39-MFCC.csv,6.6562977,3.8901339,2.3839133,6.734615,5.6256547,4.8956633,4.4234176,4.326073,4.1988564,4.4731317,2.5172858,5.8527904,6.655827,2.5787408,6.733686,5.069526,3.969337,6.061199,6.697464,4.6951838,3.1058495,6.3086452,2.4133596,5.35982,6.145953,5.033906,5.328665,3.7788897,4.894667,5.5546308,5.298056,5.452665,6.3856263,4.3397593,3.9828796,4.3185186,6.044489,2.308581,5.0475507,7.9928913,4.64578,4.0674376,2.9884,4.4799037,4.610449,5.227707,5.12725,3.9516218,4.5819273,4.6300106,5
56,40-MFCC.csv,6.9352837,3.694692,2.9269218,6.3206606,5.401539,5.102428,4.336923,4.4458127,4.238447,4.433688,2.913554,5.79138,6.4290557,2.7510798,6.7754693,5.5267406,4.1559577,5.871184,6.943889,4.732689,2.957066,5.9465337,2.6180234,5.2864876,5.9536676,5.2094083,5.2191176,4.0413933,5.050851,5.578668,4.817709,5.12329,6.2351766,4.0770826,4.0812163,4.421364,5.7568045,2.8122911,4.9558687,7.8994265,5.0038977,4.1981177,2.8421106,4.395547,4.2821317,5.0460324,5.220199,4.210337,4.344374,4.687287,4
57,41-MFCC.csv,6.604468,3.909917,2.2308621,6.807453,5.65961,4.799882,4.422132,4.337011,4.293671,4.4748187,2.4928973,5.8751407,6.671701,2.5076833,6.7011614,5.009896,3.8752408,6.0943575,6.6503806,4.6948385,3.0889997,6.395944,2.3658307,5.3976116,6.13536,4.96082,5.3796,3.6835334,4.8770766,5.5499434,5.3575025,5.4602065,6.374286,4.3636885,3.9483678,4.3078184,6.041122,2.2402422,5.05106,8.062465,4.6383324,4.0632443,3.1259608,4.437178,4.624852,5.3041487,5.112645,3.8918617,4.6098495,4.634988,5
58,42-MFCC.csv,6.748861,3.816238,2.5346205,6.635217,5.6385145,4.919051,4.3216896,4.293158,4.1251864,4.349671,2.6447942,6.0462914,6.731162,2.6453645,6.774959,5.1597495,4.0749016,5.993237,6.7609086,4.7222,2.9964156,6.32815,2.3878474,5.2818065,6.132224,5.0832343,5.3172946,3.8393855,4.8432126,5.552309,5.172935,5.4190674,6.2817636,4.2405977,4.0651574,4.4282455,6.0096474,2.3471274,5.164978,7.9768696,4.755228,4.0058002,3.0867143,4.4072022,4.350095,5.262485,5.0249977,3.9080467,4.559112,4.598037,5
59,43-MFCC.csv,6.6177483,3.918045,2.4300704,6.7306705,5.526431,4.891625,4.496562,4.370339,4.2761846,4.4981956,2.5707707,5.7883153,6.518846,2.5810742,6.7630205,5.1498904,3.8487535,6.10882,6.6831617,4.6488986,3.0947368,6.345989,2.5199986,5.4229045,6.0902615,5.0303283,5.347687,3.7380772,4.992145,5.537336,5.267931,5.3755746,6.4763823,4.356234,3.9584622,4.291052,5.9144974,2.4277773,4.990346,7.989422,4.7001567,4.183948,2.968216,4.540595,4.693915,5.159502,5.2145944,4.0859823,4.6324105,4.674087,5
60,44-MFCC.csv,6.726077,4.2168174,2.8148284,6.547831,5.144025,5.103931,4.3243065,4.596141,3.7636886,4.1517806,2.314676,5.869558,6.9227195,2.9510531,6.5840597,5.573863,3.7303839,6.3074303,7.2272525,4.4466453,2.7888687,6.5862365,2.8866687,5.158177,6.400357,5.656227,4.9313617,4.0226755,5.2444253,5.4089026,5.049217,4.876331,6.4475894,4.6447024,4.4606133,4.7303376,5.5563025,2.4065912,5.232343,7.9475045,4.6305094,4.260836,2.543243,4.7662363,4.774124,5.0384665,5.4544497,4.12453,4.7751026,4.5630445,1
61,45-MFCC.csv,6.8559294,4.113119,3.5733006,6.240517,4.5685987,5.460363,4.654879,5.071936,4.4462457,4.430834,3.285042,5.392706,5.757985,3.0775335,7.0730176,6.499114,3.5043464,6.218057,7.4265876,4.604619,2.3488934,5.929801,3.5556588,5.543771,5.683166,5.554923,5.02181,4.0098486,5.9298053,5.2705774,4.472705,4.3021436,6.5862184,4.4382553,4.191613,4.637054,4.6817718,3.6460915,4.7713895,7.596039,5.285508,4.878911,2.620058,4.845508,4.653524,4.6659164,5.7201633,5.024403,4.5800405,4.916683,0
62,46-MFCC.csv,7.0651717,3.7022984,3.715355,5.9486246,4.7199507,5.438097,4.5940943,4.986526,4.8734384,4.795922,3.6586187,5.112885,5.5471845,2.8114772,7.187645,6.504991,3.795474,5.884603,7.144759,4.756714,2.6297054,5.441538,3.4217005,5.529097,5.3912992,5.1245613,5.149334,4.080869,5.8480453,5.5890408,4.215404,4.3003373,6.1649694,4.0198355,3.9289892,4.5273824,4.8451595,3.7895074,4.3498983,7.8167095,5.617568,4.9631777,2.784385,4.4863286,4.245307,4.706615,5.7294583,5.031287,4.1170444,5.049148,2
63,47-MFCC.csv,6.625752,4.0486503,2.9396775,6.6664557,5.351459,5.091037,4.390173,4.5845413,3.906355,4.3101377,2.5024042,5.958421,6.6694098,2.7243729,6.8486886,5.369969,3.9372165,6.1444426,7.0078845,4.673328,2.815542,6.2863746,2.6888263,5.306964,6.1941733,5.3071856,5.158437,3.8383157,5.0859547,5.4286695,5.1798363,5.14844,6.5029097,4.4710865,4.2377825,4.606316,5.7575717,2.5390515,5.177747,7.921824,4.644254,4.254587,2.8442888,4.5820994,4.520275,5.180669,5.1775475,4.0890765,4.679922,4.6044316,3
64,48-MFCC.csv,6.70277,3.9184852,2.6347284,6.600758,5.373263,4.9840317,4.4691133,4.582024,4.400089,4.5426636,2.7764056,5.6793175,6.4297223,2.6036756,6.8227906,5.472629,3.7415564,6.086138,6.8227158,4.6949368,2.9001603,6.1426015,2.6999872,5.428086,5.978911,5.06541,5.2971425,3.7879019,5.1812644,5.538401,5.030919,5.0683312,6.313522,4.3097906,3.94098,4.464839,5.6364264,2.6527512,4.8987436,8.013365,4.9157853,4.3674006,3.041214,4.4508104,4.570067,5.145975,5.337022,4.201423,4.5102634,4.7675138,4
65,49-MFCC.csv,6.648224,3.983178,2.5936704,6.6724343,5.4656367,4.9789696,4.4172726,4.4291596,4.0555744,4.355686,2.4596095,5.892636,6.669508,2.688991,6.6813393,5.2354784,3.89579,6.126259,6.8740416,4.60212,2.996569,6.3543115,2.5369508,5.316844,6.190179,5.2335877,5.235136,3.851079,4.9667306,5.498472,5.196773,5.294977,6.4627876,4.391722,4.1361327,4.4300294,5.891682,2.4411497,5.1182237,7.961464,4.696246,4.1726284,2.8433313,4.565153,4.635883,5.1469426,5.2223024,4.031709,4.6529393,4.60978,3
66,50-MFCC.csv,7.111953,3.7106345,3.6295772,5.950752,4.6735196,5.5773025,4.4892683,4.8977585,4.840099,4.7050514,3.5429125,5.1669025,5.669014,2.8462734,7.0727696,6.475741,3.8909855,5.8245583,7.2010007,4.823622,2.7189598,5.400388,3.3791697,5.460593,5.431368,5.2551494,5.118499,4.2425785,5.7642326,5.6251283,4.1674643,4.2248178,6.1756825,4.0404325,3.8862023,4.4913244,4.947291,3.7849445,4.388694,7.68913,5.6825023,4.825206,2.7140076,4.4392934,4.354413,4.703754,5.6166015,5.0004396,4.054826,5.0265775,2
67,51-MFCC.csv,7.1965284,3.4899442,3.9095104,5.716165,4.678617,5.4374924,4.541054,5.051553,5.0037622,4.851846,3.907034,5.019649,5.311049,2.799638,7.2633386,6.6839604,3.8577414,5.785503,7.1667314,4.8041363,2.5724022,5.22875,3.5130637,5.51305,5.2469063,5.0928707,5.147021,4.128125,5.891213,5.579814,3.9932172,4.1785607,6.1002617,3.7779925,3.9162676,4.5767097,4.7195706,4.030782,4.210034,7.886664,5.762907,5.033803,2.8549156,4.387278,4.0007634,4.639042,5.7818356,5.1832423,3.966045,5.0944414,2
68,52-MFCC.csv,6.76304,3.962712,2.8843124,6.561274,5.4445333,5.199328,4.4271193,4.407501,3.9296594,4.3650136,2.643502,5.818752,6.5910926,2.8152773,6.8647375,5.2768006,4.081535,6.0672207,6.955648,4.669715,2.9526658,6.2311316,2.6322794,5.3001184,6.160276,5.294364,5.1387005,3.93745,5.0809174,5.5043526,5.1738634,5.310614,6.4690022,4.4169784,4.1436334,4.451713,5.9059067,2.4676502,5.089325,7.8185744,4.5978074,4.10149,2.626662,4.676616,4.6154957,5.0346656,5.187166,4.2047386,4.603635,4.5445004,3
69,53-MFCC.csv,6.6998987,4.215142,2.8685186,6.547714,5.084966,5.180589,4.467843,4.7005877,3.940618,4.306264,2.521477,5.67452,6.635883,2.9126074,6.745445,5.6561074,3.592577,6.3284745,7.179913,4.468886,2.733556,6.445455,2.979394,5.299335,6.2370853,5.539038,4.994618,3.9481776,5.391942,5.3838153,5.019868,4.84937,6.499705,4.63149,4.2989545,4.6946607,5.4463825,2.5880578,5.0734262,7.889406,4.7150807,4.4168158,2.550663,4.825376,4.8595004,4.9331,5.5424685,4.337887,4.753327,4.6244845,1
70,54-MFCC.csv,6.7341433,3.9472258,2.8855124,6.51388,5.1749434,5.070041,4.500929,4.5582438,4.3002877,4.486846,2.8257675,5.57903,6.3661695,2.6879194,6.7592773,5.5633793,3.8058918,6.130697,6.8686523,4.6540017,2.9596689,6.2187467,2.8613617,5.4743176,6.0136166,5.2613406,5.2069054,3.83571,5.2775183,5.49763,4.9877253,5.0257106,6.4425383,4.3690295,4.088186,4.351084,5.504535,2.7928114,4.853881,7.9275646,4.840951,4.3619795,2.766842,4.621508,4.6672983,5.0237904,5.4335613,4.3797364,4.5668707,4.7212214,4
71,55-MFCC.csv,6.7185574,4.0479436,2.9054563,6.539768,5.2787833,5.2949905,4.6656103,4.68956,4.3875685,4.660123,3.0046868,5.362044,6.190868,2.7286983,7.0352063,5.5781784,3.6504512,6.1696606,6.892379,4.6519237,2.8148818,6.003624,2.897882,5.509922,5.9175963,5.099584,5.204396,3.8058417,5.4451246,5.5109925,5.031201,5.068482,6.4416766,4.4534726,3.8444717,4.4968634,5.560524,2.7284482,4.7294097,7.870767,4.821508,4.517161,2.7125103,4.737722,4.8214846,4.856614,5.548203,4.598449,4.547125,4.72583,4
72,56-MFCC.csv,6.8643837,3.6796956,2.3641465,6.530064,5.640812,4.8216453,4.2435555,4.1898146,4.174919,4.3979263,2.5794792,5.9761734,6.719292,2.6387415,6.6483192,5.145635,4.191512,5.8752055,6.7521334,4.746007,3.1842926,6.2549233,2.3491383,5.228493,6.1152678,5.0819798,5.2818093,3.9382792,4.8160744,5.6533403,5.0923095,5.3677583,6.2193513,4.1304865,4.040781,4.275967,6.04652,2.4279487,5.104678,8.015233,4.824152,3.9045331,3.0127416,4.3103256,4.362377,5.2881703,5.0046306,3.860459,4.41913,4.6299953,5
73,57-MFCC.csv,6.70696,3.963092,2.797839,6.539677,5.243378,5.0608225,4.518796,4.7273316,4.4590764,4.559683,2.8732848,5.5939226,6.3081656,2.6463044,6.851582,5.6660833,3.6270986,6.1204257,6.9149513,4.6621923,2.7795258,6.0524287,2.8433826,5.460947,5.90965,5.1203356,5.275108,3.8113644,5.31275,5.497198,4.909696,4.903512,6.3230276,4.3109818,3.9461768,4.55199,5.4576554,2.8154604,4.838637,7.9866858,5.0261574,4.537692,2.9942214,4.4814906,4.590699,5.056117,5.464862,4.3368235,4.501112,4.823624,4
74,58-MFCC.csv,6.748584,3.9691489,3.0510013,6.4411383,5.1398506,5.1865826,4.5838656,4.7318754,4.4494963,4.592762,3.0002666,5.4449177,6.185136,2.7046707,6.895155,5.744503,3.686905,6.1262636,6.9287295,4.6387353,2.8109126,5.9976525,2.96762,5.509746,5.8758364,5.1940465,5.220794,3.8585196,5.4307694,5.49339,4.84588,4.8846407,6.39109,4.322745,3.9673688,4.496423,5.391001,2.921956,4.7274475,7.9177675,5.002716,4.593401,2.7639618,4.606053,4.6642756,4.904592,5.5780816,4.5378084,4.4912705,4.812503,4
75,59-MFCC.csv,7.1370215,3.6363401,3.822522,5.8549824,4.721527,5.5084863,4.5754046,5.0423756,4.8899403,4.81325,3.7989695,5.0878553,5.406773,2.8517463,7.193627,6.6317916,3.8699129,5.8259115,7.2055507,4.8275847,2.5903244,5.3025346,3.4608727,5.539448,5.3579717,5.1656923,5.1222696,4.126149,5.8771253,5.5491695,4.113527,4.216618,6.2194204,3.9233327,3.8934293,4.4904475,4.77315,3.9634793,4.323057,7.750244,5.6231227,4.9887667,2.7734313,4.4528604,4.173393,4.678598,5.7159324,5.142885,4.0595107,5.085371,2
76,60-MFCC.csv,6.8261786,3.864179,3.0824256,6.376262,5.225798,5.1402087,4.4432993,4.6753616,4.2900047,4.4736147,2.9151275,5.673026,6.3436904,2.7481523,6.7894726,5.719315,3.8674674,6.0164895,7.013301,4.6642733,2.7990558,5.958303,2.8269384,5.383779,5.9300146,5.2669735,5.207063,3.9614856,5.2500153,5.5000687,4.7786636,4.9155617,6.3084574,4.1950874,4.072861,4.546072,5.499777,2.921741,4.8937516,7.919819,5.056187,4.466643,2.8039842,4.4664454,4.4355044,4.993751,5.427594,4.3396626,4.4293733,4.7744956,4
77,61-MFCC.csv,6.854301,4.001403,3.4605036,6.2881703,4.6674585,5.2509604,4.6270366,5.1763973,4.517271,4.569483,3.358442,5.339831,5.710228,2.936075,7.142695,6.3985763,3.475685,6.1952057,7.298364,4.768852,2.2852216,5.851367,3.47398,5.6142125,5.6770673,5.374859,5.0936365,3.7917795,5.8381066,5.2160425,4.603364,4.405664,6.561973,4.3582797,4.102234,4.654897,4.6865854,3.5858436,4.733558,7.729725,5.150098,4.918845,2.846006,4.729243,4.4627547,4.8248744,5.6652374,4.9232526,4.5628624,4.957657,0
78,62-MFCC.csv,6.8069496,3.7987893,2.4693768,6.577326,5.594085,4.8950152,4.2665453,4.2708216,4.093743,4.326899,2.5457253,5.9988194,6.7675376,2.6724758,6.6281605,5.163975,4.130083,5.9558206,6.833061,4.709802,3.0757172,6.2864523,2.3841121,5.2454357,6.162817,5.1783705,5.25176,3.9213665,4.834742,5.579063,5.1343493,5.3660126,6.263386,4.2341876,4.131146,4.3576345,6.017281,2.3800771,5.154706,7.9826937,4.7509456,3.9401426,2.9693584,4.3868303,4.404741,5.2600746,5.0470004,3.870287,4.4957905,4.5874634,5
79,63-MFCC.csv,7.153729,3.6071248,3.8370647,5.8427444,4.6878624,5.421952,4.5730677,5.0818667,4.992682,4.8977213,3.7965286,5.013473,5.4557095,2.8167288,7.24362,6.6977167,3.8503015,5.8002076,7.1815157,4.8186502,2.5920756,5.258524,3.4936292,5.5330114,5.331737,5.0455494,5.118187,4.1163306,5.9192553,5.563373,4.0648913,4.1771274,6.157998,3.9095185,3.8872006,4.500381,4.7739706,3.9765785,4.2282314,7.842099,5.7563267,5.0594554,2.831487,4.3879943,4.121104,4.6811037,5.77582,5.1015415,3.9868913,5.1384854,2
80,64-MFCC.csv,6.704138,4.0165796,3.2190154,6.5544744,5.306993,5.290248,4.460754,4.5623584,3.855391,4.2976065,2.7071698,5.8892713,6.4752846,2.8552718,6.956317,5.4248223,4.0643725,6.1102347,7.0683312,4.6810007,2.774289,6.187074,2.7505085,5.335834,6.122141,5.3817534,5.1346593,3.9080143,5.1321692,5.3916626,5.1303205,5.2192335,6.5931416,4.4441104,4.2504983,4.549099,5.7635393,2.6639333,5.140891,7.745153,4.6154876,4.240577,2.6382306,4.7353864,4.5196743,5.002861,5.1778383,4.308761,4.677923,4.5407825,3
81,65-MFCC.csv,6.7793946,3.9360628,3.0299528,6.42838,5.161961,5.219753,4.583279,4.7416444,4.4973483,4.623354,3.0767608,5.434169,6.116592,2.7126122,6.972326,5.775467,3.6953516,6.0882816,6.9402266,4.6864166,2.7765164,5.926738,2.9637065,5.501069,5.82396,5.137113,5.234622,3.8607793,5.4442506,5.512404,4.8285236,4.872694,6.3603973,4.298624,3.9080298,4.5059614,5.388795,2.9684887,4.7168193,7.8952584,5.0412498,4.590309,2.8362505,4.5819235,4.6131387,4.9134336,5.532294,4.5692196,4.4530034,4.8207197,4
82,66-MFCC.csv,7.098346,3.6294794,3.6658955,5.95585,4.8570232,5.3688984,4.5022583,4.912878,4.6847997,4.687255,3.5540688,5.3129416,5.685499,2.8683379,7.063889,6.4224095,3.9695947,5.8172216,7.198303,4.787632,2.6494849,5.431932,3.2849123,5.457815,5.528729,5.201406,5.128403,4.1296477,5.68366,5.5144196,4.251619,4.4243364,6.2588344,3.9350684,4.0098367,4.47237,4.9895897,3.7479496,4.519814,7.7924156,5.531604,4.8059626,2.7757695,4.417968,4.182186,4.7402763,5.605099,4.8760557,4.122172,4.9992566,2
83,67-MFCC.csv,7.105179,3.6486168,3.7438836,5.937537,4.8050466,5.3888397,4.541889,5.0034866,4.7277555,4.729092,3.6395514,5.2644176,5.592412,2.8932524,7.0905056,6.5550056,3.9349718,5.8248506,7.2419667,4.7999883,2.5923097,5.382538,3.3682518,5.5022726,5.49783,5.1972957,5.107562,4.1104774,5.782103,5.4780955,4.205837,4.341435,6.2955327,3.9357467,4.0032825,4.450241,4.863352,3.8773866,4.488977,7.7633705,5.5613403,4.90398,2.7730887,4.429221,4.187751,4.7185802,5.6596127,4.952225,4.123143,5.056744,2
84,68-MFCC.csv,6.7772803,3.9838314,2.8356972,6.5102525,5.1855903,5.220988,4.609107,4.636601,4.414669,4.637677,3.0359404,5.3688664,6.178001,2.7265291,6.985272,5.627901,3.6611931,6.147849,6.885109,4.694405,2.8658166,6.0781236,2.9479759,5.523282,5.900343,5.139655,5.1921372,3.808088,5.4597983,5.5125036,4.9997153,5.001288,6.4224205,4.434463,3.8928502,4.385604,5.4552946,2.8243933,4.740162,7.8620305,4.8527136,4.4246483,2.7520194,4.7082553,4.789355,4.919362,5.4925604,4.5972314,4.534122,4.7435794,4
85,69-MFCC.csv,6.639251,4.1969595,3.0270414,6.5872564,5.133125,5.20826,4.5135913,4.725694,3.9524713,4.3193192,2.5898814,5.723451,6.551897,2.8554194,6.814505,5.600631,3.6579158,6.3011723,7.127614,4.514318,2.7006216,6.3507485,2.928948,5.367146,6.173023,5.4686465,5.0670247,3.8829606,5.3353014,5.3494673,5.0608797,4.957549,6.55717,4.581985,4.2687383,4.6813245,5.503409,2.6336236,5.0662923,7.85716,4.7074003,4.4474435,2.590275,4.797585,4.78323,4.9415913,5.4857903,4.3472123,4.756898,4.628087,1
86,70-MFCC.csv,6.699212,3.978032,2.9879167,6.572208,5.352203,5.1098037,4.3593607,4.492361,3.7997563,4.2886496,2.4877472,5.9520855,6.7154536,2.7823162,6.8025985,5.3716288,4.0717072,6.0983305,7.0134687,4.6476307,2.9154527,6.29086,2.672969,5.241698,6.2433434,5.376701,5.097459,3.9346848,5.052244,5.460671,5.122379,5.189439,6.512525,4.415205,4.286955,4.561984,5.8095827,2.579187,5.1817875,7.90177,4.6404963,4.1935043,2.676336,4.614717,4.4961305,5.119433,5.1870313,4.1048803,4.6532693,4.567368,3
87,71-MFCC.csv,6.849647,3.930685,2.9256103,6.433958,5.081649,5.197743,4.513401,4.583525,4.33555,4.552061,3.036273,5.43045,6.2398043,2.7519045,6.905977,5.6807604,3.7791917,6.1064615,6.931022,4.719327,2.9117553,6.133005,2.9959798,5.4961367,5.9200225,5.2657065,5.133635,3.8737283,5.4473443,5.50939,4.931849,4.9363303,6.3985677,4.404506,4.034454,4.3224664,5.38594,2.9025757,4.782072,7.8487883,4.8649817,4.31909,2.6837249,4.672494,4.7081785,4.9624104,5.442509,4.5710917,4.507281,4.736002,4
88,72-MFCC.csv,6.8015637,3.7153614,2.4770982,6.5905056,5.67015,4.880746,4.3076434,4.280069,4.222597,4.4555426,2.717641,5.981048,6.6985755,2.5965254,6.8273344,5.2055807,4.1161504,5.9224834,6.691037,4.7795577,3.0526736,6.203946,2.3908343,5.2690973,6.081747,4.979852,5.3377137,3.8599486,4.860918,5.6116304,5.1051855,5.383627,6.186787,4.1486173,3.964975,4.4199457,6.003105,2.4046772,5.083549,8.015564,4.8455496,4.0332613,3.1558611,4.3128834,4.2750144,5.2862597,5.026419,3.902564,4.456806,4.6687737,5
89,73-MFCC.csv,6.7828317,3.9195073,2.9840238,6.5429726,5.431868,5.208441,4.4068694,4.3763037,3.8808115,4.3049293,2.7002017,5.917402,6.536338,2.8509762,6.9220114,5.2471457,4.179872,6.035031,6.9757295,4.708666,2.9189484,6.2533197,2.6400058,5.311977,6.1269655,5.328598,5.1588,3.938456,5.0507827,5.4627256,5.190055,5.3340664,6.5160704,4.383889,4.198458,4.4186645,5.923879,2.4724545,5.149385,7.7403708,4.5648103,4.0428276,2.641088,4.684718,4.539448,5.0482407,5.078631,4.210572,4.6223855,4.52335,3
90,74-MFCC.csv,6.7200246,4.100082,2.8729534,6.559078,5.2677593,5.112508,4.333334,4.534764,3.7737126,4.2167077,2.3887646,5.905125,6.83948,2.8624134,6.669703,5.448182,3.9051695,6.1943655,7.1235657,4.546234,2.8614233,6.4306054,2.7542102,5.1986947,6.3221006,5.520331,5.0073752,3.986996,5.1361985,5.4459486,5.090357,5.0483713,6.455164,4.526431,4.36976,4.6435013,5.709966,2.4650524,5.204062,7.927801,4.6353717,4.2032833,2.5898104,4.6771116,4.6456313,5.0839643,5.321528,4.095951,4.6970973,4.5574107,1
91,75-MFCC.csv,6.8115354,4.1073437,3.544508,6.2888427,4.452025,5.310137,4.678512,5.2628627,4.510975,4.495231,3.3670456,5.346895,5.6377425,3.0086849,7.116531,6.58056,3.3658297,6.2753286,7.409643,4.7065144,2.1845546,5.8827515,3.6726823,5.652314,5.6555934,5.512091,5.064494,3.8178246,5.9875035,5.1447763,4.535098,4.2148457,6.6602,4.4535737,4.2123637,4.689507,4.4418178,3.748203,4.76764,7.6474514,5.2400756,5.017306,2.793218,4.836348,4.546268,4.7154713,5.734484,5.037332,4.640243,4.996076,0
92,76-MFCC.csv,6.556725,4.030911,2.9506998,6.717871,5.4465284,5.092206,4.4942145,4.502766,3.9923015,4.24745,2.62272,6.050913,6.5674605,2.7181382,6.8049655,5.2293873,3.9391503,6.1755934,6.8948693,4.6096206,2.8048928,6.3497176,2.547485,5.399382,6.14452,5.273755,5.3205967,3.7703981,4.907961,5.341661,5.245385,5.4208436,6.614767,4.3984623,4.2250185,4.4943647,5.896443,2.4804618,5.2150064,7.832191,4.6379013,4.234659,2.8820145,4.659488,4.533919,5.084752,5.1472373,4.1130366,4.782914,4.55188,3
93,77-MFCC.csv,6.8028626,3.737066,2.347083,6.6182733,5.667453,4.842297,4.2964945,4.251416,4.238388,4.4792676,2.606522,5.8898163,6.722273,2.5578377,6.675304,5.1137085,4.154409,5.908197,6.6923895,4.7918,3.1672988,6.160686,2.3488529,5.2951016,6.11402,5.011214,5.3155646,3.8702745,4.8354516,5.6344876,5.170612,5.4308696,6.1937466,4.1999393,3.9929082,4.284828,6.0741296,2.3532145,5.0378594,8.034841,4.7469044,3.951265,3.0815454,4.3033543,4.3797836,5.309226,5.045854,3.8470693,4.411578,4.652064,5
94,78-MFCC.csv,6.6421814,4.239685,2.9853015,6.592791,5.125506,5.1730957,4.4427547,4.7119293,3.8302553,4.229038,2.4626172,5.8041973,6.697681,2.8903441,6.716414,5.5908103,3.6441236,6.3318887,7.1945567,4.466697,2.7006538,6.4575267,2.9093256,5.285234,6.279727,5.5720625,5.0027895,3.9286923,5.2952814,5.3476458,5.065388,4.9184484,6.5313826,4.628324,4.3728046,4.7445755,5.5191646,2.5434194,5.1596336,7.897039,4.676927,4.4139667,2.5608556,4.7940373,4.7899556,4.9816074,5.4851823,4.2475696,4.79164,4.5921135,1
95,79-MFCC.csv,6.902286,3.697331,2.601027,6.4541674,5.5676947,4.9584517,4.2489734,4.236836,4.053393,4.3620257,2.6221259,5.9547253,6.6943245,2.726792,6.686207,5.233589,4.2706156,5.8707833,6.860118,4.738783,3.1272078,6.1736217,2.4281373,5.202071,6.125301,5.1981974,5.2057724,4.0213456,4.8674507,5.6198115,5.0336013,5.329888,6.252876,4.1448665,4.123974,4.331319,6.012943,2.5088603,5.1115565,7.9347224,4.8026423,3.9354546,2.8506868,4.383604,4.3345494,5.1977315,5.038497,3.9505827,4.4136176,4.5987115,5
96,80-MFCC.csv,7.0858154,3.6197433,3.6340284,5.9650693,4.8963013,5.343413,4.4980493,4.8796062,4.6695647,4.6827197,3.5311134,5.318923,5.7065926,2.8437026,7.0795965,6.3434024,3.9648392,5.8290024,7.1585045,4.7758355,2.6623712,5.4680357,3.2442305,5.446547,5.535796,5.1825156,5.146854,4.1084957,5.6396036,5.5282583,4.290407,4.483332,6.2383647,3.935425,4.00801,4.5011625,5.0482235,3.665918,4.522267,7.8284698,5.488643,4.772992,2.7920537,4.426444,4.157668,4.7549825,5.5906086,4.8532004,4.1346865,4.9648156,2
97,81-MFCC.csv,6.8534164,4.155515,3.593945,6.2700815,4.431159,5.425341,4.652267,5.1094794,4.4645457,4.3679614,3.269568,5.4482417,5.699342,3.1311967,7.0650043,6.628423,3.4616344,6.2395043,7.5095315,4.615511,2.2785559,5.990479,3.6721804,5.5614967,5.646517,5.6245885,5.0170197,4.014146,6.001038,5.2306366,4.4366198,4.184634,6.6208596,4.482497,4.2496467,4.6188784,4.489794,3.7784758,4.830586,7.528258,5.336207,4.899587,2.6369648,4.8600774,4.6654143,4.707564,5.691747,5.009641,4.623435,4.9760685,0
98,82-MFCC.csv,7.0631986,3.6323879,3.5247471,6.027592,4.9934654,5.3283296,4.4659524,4.789415,4.555157,4.6163187,3.4200985,5.4303374,5.833508,2.8449035,7.0134783,6.184604,4.0322466,5.8275886,7.135504,4.777755,2.7166212,5.5438013,3.1169827,5.412932,5.620961,5.216133,5.1574802,4.1126723,5.51463,5.5308633,4.393288,4.6183777,6.2593102,3.959475,4.032011,4.4757824,5.193422,3.5229077,4.6292934,7.8079085,5.378582,4.6477227,2.77713,4.4318376,4.178685,4.7997866,5.4979873,4.7410774,4.1803923,4.8998947,2
99,83-MFCC.csv,7.0806704,3.69979,3.6893337,5.923428,4.6432104,5.4772606,4.530717,4.931971,4.8185353,4.6684337,3.5987306,5.1870856,5.545256,2.8443773,7.1074886,6.5045495,3.7970974,5.888226,7.1978765,4.756257,2.629242,5.4777865,3.4442346,5.484388,5.396137,5.273463,5.147315,4.1673365,5.8097305,5.5834694,4.1704044,4.231192,6.1929955,4.0201006,3.9825764,4.5690827,4.810871,3.819186,4.4158893,7.7664075,5.6348047,4.877955,2.747624,4.49735,4.2821774,4.688026,5.6695023,5.0478725,4.1310606,5.011328,2
100,84-MFCC.csv,7.194656,3.466055,3.9368463,5.7065372,4.6741657,5.3563285,4.53363,5.0587335,4.959105,4.8077073,3.895127,5.0757246,5.310386,2.8263288,7.2617226,6.710171,3.8529532,5.792653,7.1990128,4.7710576,2.5250275,5.252776,3.5397365,5.497124,5.259785,5.112066,5.1437516,4.1149077,5.897094,5.5417247,3.9808195,4.1859837,6.1196227,3.7535756,3.989791,4.6029677,4.67885,4.056045,4.2590795,7.9246325,5.7725425,5.030587,2.8709044,4.386823,3.9663718,4.62977,5.7923884,5.157707,3.9895277,5.087968,2
101,85-MFCC.csv,6.6757903,3.8012652,2.3128552,6.713166,5.6386847,4.8178697,4.4209566,4.275136,4.2898316,4.5141835,2.582954,5.8683076,6.5924115,2.5429287,6.7789054,5.0868287,3.963083,6.0198507,6.615671,4.7126827,3.1568477,6.32414,2.4108424,5.3666744,6.0897007,4.9413238,5.3774066,3.7542434,4.8961477,5.5977983,5.257168,5.4356484,6.371344,4.2575183,3.910593,4.2720647,6.0124073,2.3797066,5.0207562,8.029281,4.737992,4.0803404,3.0818725,4.42341,4.5500383,5.252896,5.0984235,3.9684422,4.5608907,4.6772914,5
102,86-MFCC.csv,6.6753182,4.202933,3.0528893,6.5303607,5.11343,5.215919,4.4688954,4.7555237,3.8755684,4.3020935,2.545924,5.7236953,6.6511154,2.8877726,6.790248,5.65779,3.6321514,6.3122187,7.186621,4.4766335,2.6843946,6.3746824,2.947644,5.292717,6.229987,5.5293913,5.0029707,3.938357,5.3543453,5.3636174,4.9948215,4.877608,6.510361,4.5853057,4.3096547,4.77484,5.4853296,2.6167016,5.085442,7.9066677,4.725623,4.4784665,2.5476387,4.78989,4.756407,4.934434,5.540042,4.3360496,4.747206,4.6131935,1
103,87-MFCC.csv,6.8155456,4.114129,3.5511124,6.305166,4.520873,5.359346,4.693161,5.2430987,4.4631457,4.490669,3.3974628,5.348976,5.637859,3.041966,7.1811247,6.5219765,3.3957627,6.2733016,7.410308,4.7329288,2.1659784,5.8800287,3.6217458,5.6534357,5.671063,5.5150943,5.055941,3.7999172,5.972376,5.1358123,4.584934,4.30904,6.695476,4.476183,4.166233,4.684104,4.5250363,3.7087374,4.789809,7.5993567,5.1637692,4.972815,2.7630918,4.8855343,4.5763845,4.7098365,5.6986184,5.0755167,4.661853,4.945768,0
104,88-MFCC.csv,6.690014,4.112189,2.7484899,6.5875874,5.1074643,5.1810117,4.6360555,4.7180305,4.3896165,4.577922,2.9071152,5.3921366,6.2451673,2.7363346,6.9013367,5.6617,3.489806,6.263807,6.937525,4.6114354,2.7924273,6.199278,3.0115526,5.5385942,5.9572935,5.2189183,5.176288,3.7753305,5.5010705,5.4441204,5.0341196,4.923215,6.4724936,4.5381823,3.9656267,4.4618797,5.3632007,2.7744834,4.7913527,7.8793874,4.841348,4.4963946,2.7484305,4.7623324,4.913331,4.9128876,5.574774,4.5617204,4.635327,4.759161,4
105,89-MFCC.csv,6.5389786,4.0766716,3.0042446,6.70344,5.3809714,5.104416,4.5022607,4.5778904,3.9728873,4.2221813,2.6067536,6.0477686,6.5883737,2.741752,6.7781997,5.326342,3.8571444,6.222677,6.950522,4.5609384,2.7411554,6.3649454,2.6067584,5.385398,6.1641397,5.331498,5.292871,3.7866218,4.9477797,5.309289,5.188831,5.3376427,6.6189218,4.416983,4.270705,4.5780416,5.8123083,2.5280504,5.2248354,7.847231,4.6859875,4.3246355,2.861534,4.678119,4.5425663,5.0532837,5.226766,4.1333876,4.812176,4.568006,3
106,90-MFCC.csv,6.8255544,4.1759877,3.6460946,6.2891097,4.473659,5.4644217,4.7172194,5.1689477,4.4213533,4.4108124,3.3821106,5.400244,5.6341963,3.1493917,7.1895666,6.600236,3.4310265,6.273069,7.4980254,4.651165,2.1886806,5.936286,3.6783874,5.610868,5.649872,5.600475,5.0206957,3.9201732,6.042727,5.1778817,4.504411,4.260519,6.709032,4.526,4.201247,4.6583476,4.4968476,3.7743833,4.8274302,7.5012603,5.2409077,4.9396205,2.646316,4.9532113,4.6534886,4.6555862,5.6971364,5.1273656,4.6738024,4.9337044,0
107,91-MFCC.csv,6.7977343,3.7065678,2.4614222,6.587238,5.623983,4.8911047,4.3499913,4.261903,4.258641,4.5226483,2.6691787,5.850716,6.5974073,2.5711112,6.743303,5.175555,4.1830187,5.886907,6.676446,4.7927537,3.1919847,6.0735974,2.4057512,5.3169856,6.066919,4.9987164,5.3350835,3.8905127,4.8650775,5.640229,5.1262746,5.420196,6.2620187,4.1599727,3.9608428,4.251023,6.035588,2.4971066,4.9961205,7.9930735,4.8004084,4.031316,3.0134466,4.333247,4.3905096,5.2388444,5.0705795,3.9525063,4.4069643,4.689163,5
108,92-MFCC.csv,6.857776,3.9062448,3.3128178,6.28504,4.949365,5.284084,4.5771546,4.86637,4.5368614,4.6186624,3.2154799,5.368113,5.9529395,2.7917378,6.9968596,6.0655317,3.697903,6.062606,7.0743947,4.700885,2.6700535,5.817713,3.1711404,5.516858,5.726833,5.237681,5.174016,3.9298062,5.600821,5.4732585,4.627838,4.632394,6.3643465,4.2484493,3.9833276,4.537178,5.131155,3.274092,4.6572337,7.8359523,5.196252,4.7235656,2.770914,4.5869308,4.5221195,4.846435,5.606714,4.721051,4.3985863,4.8917522,4
109,93-MFCC.csv,7.213822,3.5017407,3.878508,5.7298007,4.65487,5.4530444,4.4963803,5.020823,4.964989,4.8011637,3.8514948,5.0762424,5.334965,2.8184853,7.167671,6.6973834,3.9125898,5.7490916,7.2088776,4.8418336,2.6055708,5.207099,3.4910052,5.4916043,5.2747025,5.1651382,5.133972,4.1984873,5.8656683,5.5969424,3.973052,4.1358795,6.1190066,3.7885797,3.9285722,4.534478,4.725014,4.0776844,4.262882,7.8361864,5.774109,4.980791,2.8211799,4.35027,4.0227737,4.6554904,5.7208095,5.154118,3.9464788,5.0987816,2
110,94-MFCC.csv,6.8752866,3.8560388,3.3278894,6.343359,5.191509,5.378034,4.484883,4.6188197,4.1268163,4.450061,3.0448709,5.6505895,6.151976,2.8860466,7.044873,5.7113805,4.127023,5.9721723,7.0949025,4.7782702,2.7662003,5.8710713,2.8963346,5.3764644,5.909694,5.3101997,5.135932,3.9950352,5.296634,5.4666266,4.8736672,5.0341234,6.4822946,4.2830806,4.1221633,4.4667444,5.563288,3.0373797,4.918428,7.6971717,4.859521,4.348245,2.6615057,4.6805387,4.396071,4.899866,5.2521343,4.545599,4.4668756,4.6432476,4
111,95-MFCC.csv,6.8359523,4.0855513,3.5086427,6.285234,4.5108705,5.3041654,4.65264,5.2143345,4.5127926,4.494082,3.3297534,5.353746,5.6793942,3.0099154,7.1042953,6.536402,3.3962717,6.2528195,7.393386,4.7035675,2.2284417,5.914278,3.6122794,5.6253786,5.6695824,5.4926133,5.05867,3.8408632,5.9438357,5.1741905,4.543038,4.262727,6.615316,4.428642,4.1858706,4.667099,4.5289073,3.6888947,4.7648125,7.664379,5.2230062,4.964916,2.7849326,4.8013983,4.5564284,4.753577,5.723308,4.998122,4.6177025,4.9792056,0
112,96-MFCC.csv,7.142503,3.5579078,3.8775616,5.8455944,4.689104,5.199945,4.5533094,5.124023,4.878304,4.8008575,3.7364779,5.1497006,5.5064216,2.8935091,7.2708497,6.754728,3.8194778,5.835824,7.265304,4.7381806,2.446152,5.345525,3.5549126,5.49459,5.3939824,5.066404,5.097585,4.0501657,5.9225492,5.4230094,4.066356,4.223048,6.2287593,3.8705182,4.06778,4.572277,4.702899,3.9921575,4.35331,7.9412823,5.7590714,5.054633,2.8959882,4.391028,4.0591383,4.672496,5.808977,5.0015793,4.0627003,5.1242537,2
113,97-MFCC.csv,7.163551,3.547018,3.882412,5.76394,4.577229,5.3944635,4.5521274,5.0239706,5.0050073,4.7995005,3.811732,5.063804,5.387765,2.8231587,7.24754,6.6994796,3.7976656,5.8208747,7.191984,4.7352805,2.5728784,5.336748,3.567675,5.502347,5.2366204,5.113327,5.150687,4.1367855,5.9291,5.601972,3.999419,4.14448,6.052716,3.8605132,3.9953425,4.58964,4.668923,4.017744,4.2532454,7.8896165,5.8354745,5.041514,2.8425972,4.413442,4.0962825,4.645598,5.802601,5.121339,4.0075355,5.1034746,2
114,98-MFCC.csv,6.6966734,4.111431,3.1905003,6.474771,5.124624,5.2318707,4.500897,4.780867,3.9985929,4.357673,2.7216415,5.7004237,6.4930887,2.8436308,6.845662,5.7048063,3.6881602,6.2386312,7.139177,4.5253525,2.6662302,6.2130127,2.9347494,5.3531127,6.103102,5.4461093,5.075074,3.9245305,5.344378,5.3653955,4.9131737,4.898738,6.4911976,4.456472,4.2400317,4.7385964,5.4684005,2.761871,5.0083375,7.8871293,4.838679,4.541651,2.6043093,4.719642,4.640209,4.908058,5.5331063,4.399167,4.670663,4.6612387,1
115,99-MFCC.csv,6.6270413,3.8709524,2.2336895,6.7847824,5.6642275,4.789511,4.4077992,4.269452,4.235,4.465509,2.462419,5.906748,6.6569967,2.5342238,6.7283278,4.980035,3.9324539,6.0645967,6.64077,4.6958065,3.1530244,6.4414735,2.365632,5.3692966,6.1431046,4.964005,5.3629665,3.7079244,4.871032,5.5807667,5.3644843,5.473769,6.417604,4.3444176,3.9520245,4.260492,6.067412,2.260279,5.0728765,8.047671,4.6219416,4.0170135,3.0829995,4.4523015,4.6189685,5.303383,5.063761,3.9046454,4.616516,4.6224804,5
