,Filename,UMAP_1,UMAP_2,UMAP_3,UMAP_4,UMAP_5,UMAP_6,UMAP_7,UMAP_8,UMAP_9,UMAP_10,UMAP_11,UMAP_12,UMAP_13,UMAP_14,UMAP_15,UMAP_16,UMAP_17,UMAP_18,UMAP_19,UMAP_20,cluster
0,01-MFCC.csv,5.4985266,5.464804,4.575582,6.6841855,4.631194,3.935949,6.5785117,7.36752,7.1926546,4.6836658,5.5296736,5.254924,3.8065338,4.844663,1.8423883,6.2512507,6.361617,6.694683,4.9056993,5.9295535,0
1,02-MFCC.csv,5.529211,5.5517335,4.607227,6.6577244,4.4979105,3.8755789,6.4880886,7.4525785,7.0239716,4.639753,5.636973,5.160104,3.7939167,4.7283554,1.8393977,6.1491604,6.53727,6.823776,5.0808487,5.738814,0
2,03-MFCC.csv,6.8255744,5.31149,6.411763,7.884953,4.3923526,3.5691452,7.389092,8.788875,8.052613,4.2475643,5.626838,4.960593,4.2013044,5.6199236,1.5242435,7.328006,6.965045,5.1048765,4.4758434,6.30806,4
3,04-MFCC.csv,6.675445,4.8842816,6.3180304,7.937693,4.310128,3.3856802,7.2358704,8.655896,8.003283,4.194952,5.11457,4.8084803,4.6400123,5.5131645,1.9255124,7.2057004,6.9150534,5.477674,4.7980614,6.376906,1
4,05-MFCC.csv,5.801482,5.145826,4.880159,7.2694025,4.6215377,3.719294,5.877643,7.374323,6.4618163,4.74412,4.9633613,5.164437,3.8431911,4.9092755,2.1191294,6.666545,6.9355884,7.2249303,5.9280457,5.982718,3
5,06-MFCC.csv,6.7666507,5.330574,6.3946905,8.031589,4.4090767,3.668284,7.2505836,8.746601,8.119205,4.109381,5.1266313,4.8627114,4.6019053,5.8307643,1.7919631,7.352387,6.432611,5.289283,4.600628,6.384659,1
6,07-MFCC.csv,6.09778,5.2135406,5.470627,7.480328,4.5149617,3.6479068,6.6661897,7.9578257,7.3864164,4.378176,5.0948677,4.9922237,4.2697244,5.268311,1.9352129,6.819754,6.481668,6.3764544,5.183572,6.231766,2
7,08-MFCC.csv,6.4750843,5.62446,5.998428,7.6630907,4.550901,3.6574225,7.389394,8.501246,7.99561,4.3310256,5.7993903,5.062269,4.060643,5.518587,1.3629721,7.056137,6.5573716,5.5440807,4.439748,6.319414,4
8,09-MFCC.csv,5.7929063,5.19634,4.8707285,7.0861855,4.7521534,3.5816376,5.763187,7.3922944,6.3915706,4.720674,5.06281,5.3763404,3.6641395,4.8633766,2.0641487,6.550237,6.8416996,7.323634,5.8705344,5.9045224,3
9,10-MFCC.csv,6.692866,5.2811627,6.2321196,7.9239287,4.422758,4.0064845,7.1947107,8.744325,7.885261,3.8837578,5.1101193,4.968464,4.798455,5.2689385,1.9349686,7.1195607,6.7049117,5.3041673,4.7864385,6.291371,2
10,100-MFCC.csv,5.85334,5.12542,4.840732,7.126819,4.817455,3.449009,5.575258,7.299394,6.187235,4.765892,4.9543505,5.443194,3.5599666,4.9031215,2.0989304,6.610244,6.9306865,7.5235057,6.081367,5.903577,3
11,101-MFCC.csv,6.1295357,5.158908,5.4592795,7.4253373,4.470587,3.724176,6.7497096,7.959626,7.4009852,4.3359404,5.102503,4.961008,4.298382,5.248261,1.9731796,6.818775,6.5514326,6.2750607,5.070433,6.2302155,2
12,102-MFCC.csv,7.04064,5.0960317,6.664831,8.294359,4.40387,3.8616076,7.5522447,9.027648,8.187837,3.5801654,4.7587447,4.7130437,5.1592107,5.3629584,2.306956,7.4336658,6.4937525,4.939028,4.739403,6.576513,5
13,103-MFCC.csv,6.730936,5.3730507,6.317787,7.7880816,4.4323506,3.492388,7.456341,8.703791,8.036987,4.309426,5.769698,4.9922047,4.0908027,5.552164,1.4027438,7.2361174,6.934824,5.2318025,4.4642878,6.341728,4
14,104-MFCC.csv,6.282628,5.0746064,5.8798513,7.763291,4.411162,3.5170257,7.3684,8.32622,7.756115,3.803767,5.2004704,4.739766,4.6699834,5.102739,1.6355157,6.880451,6.433959,6.095882,4.9672165,6.5904293,2
15,105-MFCC.csv,7.045312,5.2271714,6.5815864,8.352843,4.3988853,4.0281014,7.506194,9.105769,8.073754,3.4488337,4.801422,4.805523,5.218142,5.2452183,2.327423,7.360432,6.5598855,5.0123577,4.7878704,6.435623,5
16,106-MFCC.csv,6.4046564,5.2856865,5.9324145,7.847045,4.5044627,3.6236527,6.685638,8.262248,7.445914,4.252557,4.8870687,4.897361,4.4440713,5.4407196,2.0612738,7.172114,6.5819936,6.09782,5.246973,6.248179,2
17,107-MFCC.csv,5.516936,5.523902,4.5677943,6.647629,4.5659294,3.983711,6.727831,7.415964,7.2573013,4.6126466,5.6202335,5.206526,3.830344,4.831795,1.798684,6.2131734,6.3664546,6.589154,4.7676425,5.8743305,0
18,108-MFCC.csv,5.4653955,5.532429,4.559765,6.6265173,4.6010904,3.9659607,6.682102,7.3851967,7.2712975,4.6844707,5.583625,5.257173,3.778366,4.8690743,1.8249397,6.2061777,6.322881,6.62711,4.777836,5.8724594,0
19,109-MFCC.csv,6.809054,5.122931,6.4252124,7.9967,4.348658,3.5882537,7.1451445,8.732984,8.085257,4.1851144,5.0035796,4.8574615,4.5587234,5.7883,1.9795777,7.396689,6.643457,5.1973658,4.6531,6.3369837,1
20,11-MFCC.csv,6.602586,4.9237347,6.2437887,7.9690065,4.3089213,3.556892,7.33324,8.601594,7.9213076,3.803322,4.9563756,4.7033057,4.808528,5.2948537,1.9077452,7.1487184,6.6463494,5.562613,4.8520737,6.550911,1
21,110-MFCC.csv,6.4857655,5.186688,5.892894,7.735683,4.443862,3.8757083,6.615565,8.2681675,7.377806,4.225591,4.913112,4.9109974,4.3970833,5.375933,2.1427765,7.1547103,6.818302,5.804224,5.1315203,6.218528,2
22,111-MFCC.csv,5.758437,5.1314373,4.7824793,7.185788,4.749609,3.6511493,5.690639,7.146356,6.1908436,4.87265,4.888995,5.3030586,3.6813118,4.963016,2.1979294,6.7419586,6.936049,7.4022803,5.979962,5.887385,3
23,112-MFCC.csv,6.882215,5.158293,6.4590025,8.150832,4.2884164,4.246683,7.279886,8.941386,7.9669075,3.4707823,4.6999364,4.8381267,5.2595315,5.1366086,2.1212792,7.2324724,6.6903577,4.981942,4.808684,6.4158835,5
24,113-MFCC.csv,6.9799705,5.176147,6.5406427,8.179544,4.2863183,4.049847,7.2916656,8.980789,7.92422,3.618985,4.90443,4.7084928,4.9397707,5.501321,1.9887241,7.375857,6.95532,4.874878,4.6619234,6.3608294,5
25,114-MFCC.csv,6.260862,5.46833,5.7672496,7.5432944,4.519827,3.6872616,7.4232626,8.330772,7.767715,4.037507,5.7433763,4.981687,4.2472725,5.086348,1.3321502,6.7937937,6.5534096,5.924233,4.7157474,6.417515,4
26,115-MFCC.csv,6.444363,5.177987,5.944799,7.84658,4.4720974,3.7042913,6.5968313,8.281556,7.3820615,4.2271986,4.7465467,4.9012017,4.514134,5.386545,2.2319148,7.1896167,6.7125416,6.007659,5.290365,6.184906,2
27,116-MFCC.csv,5.6874394,5.3228583,4.804024,6.928628,4.5803223,3.6661155,6.164551,7.505803,6.7970734,4.60634,5.3240314,5.167568,3.7804766,4.776088,1.9237902,6.380475,6.7588243,7.01915,5.610161,5.8857446,3
28,12-MFCC.csv,6.9144483,4.9594355,6.5457306,8.007138,4.2517214,3.636232,7.1891427,8.846893,8.00187,4.036655,5.0217395,4.819654,4.5515447,5.533871,1.988591,7.411379,7.0744057,4.9447713,4.636182,6.3359327,1
29,13-MFCC.csv,7.0211773,5.0763683,6.590116,8.273493,4.2550282,4.202498,7.261897,9.085397,7.952086,3.4381223,4.6063423,4.7836256,5.3030176,5.197071,2.299068,7.3253813,6.8739157,4.8202415,4.815168,6.3529434,5
30,14-MFCC.csv,6.45541,5.2497487,5.972325,7.876672,4.38465,3.81323,7.3032985,8.453731,7.757548,3.7165573,5.1313405,4.795697,4.716959,5.151679,1.7065756,6.997767,6.4563317,5.8171606,4.8588624,6.5922503,2
31,15-MFCC.csv,6.40878,5.190756,5.91461,7.812204,4.4251027,3.694534,6.994811,8.31803,7.596238,4.0122895,5.008744,4.7802234,4.5433702,5.368912,1.8879538,7.0562577,6.5615573,5.9475665,5.0141063,6.4503717,2
32,16-MFCC.csv,5.450498,5.498166,4.5434456,6.559917,4.6223645,3.8373616,6.5317473,7.3883767,7.024449,4.670128,5.7386627,5.277813,3.640567,4.679474,1.6701392,6.104996,6.6672606,6.775457,5.2319136,5.827419,0
33,17-MFCC.csv,5.524064,5.5126,4.642447,6.6357436,4.5396194,3.7995043,6.4484067,7.4526753,7.0196843,4.637332,5.696583,5.188992,3.7298045,4.662544,1.7500749,6.0974026,6.6322193,6.843469,5.2188563,5.7965064,0
34,18-MFCC.csv,5.8403497,5.1316214,4.809063,7.435388,4.6755114,3.884841,5.8499484,7.140479,6.199255,4.81656,4.8581166,5.2091002,3.9589071,4.9282002,2.1329145,6.773122,6.8719125,7.2440457,5.8806076,6.01684,3
35,19-MFCC.csv,6.643135,5.01468,6.29208,7.943729,4.3611803,3.4077437,7.1919146,8.613544,8.080634,4.243416,5.03132,4.806178,4.632413,5.6880784,1.951373,7.231984,6.6477857,5.5392246,4.7552114,6.399635,1
36,20-MFCC.csv,6.625875,5.505511,6.1549964,7.739928,4.501854,3.586121,7.3200865,8.583088,7.985389,4.4172425,5.804128,5.067904,4.030259,5.6199102,1.3708924,7.1994867,6.7314763,5.4075828,4.4753036,6.286234,4
37,21-MFCC.csv,6.3006644,5.13329,5.7447205,7.6838593,4.4098573,3.8062778,7.0956764,8.258888,7.5380406,3.8646953,5.129007,4.852682,4.6347547,5.0143347,1.7960252,6.8702645,6.595757,6.0346637,5.032627,6.42708,2
38,22-MFCC.csv,6.3754,5.0545025,5.959406,7.8132343,4.3955274,3.5233905,7.223783,8.357204,7.752561,3.9306936,5.0816364,4.7335143,4.640768,5.2896123,1.7844641,6.995256,6.509476,5.973816,4.9623804,6.5372434,2
39,23-MFCC.csv,6.4495826,5.142478,5.90504,7.7988014,4.489363,3.7283664,6.4573817,8.220701,7.2665296,4.325127,4.7367554,4.955095,4.4133186,5.3602467,2.3070343,7.2134385,6.8395114,6.016209,5.3605676,6.115002,2
40,24-MFCC.csv,6.969881,5.210245,6.520283,8.102335,4.3168426,3.935894,7.245004,8.930735,7.9160595,3.8452127,5.0936804,4.7708516,4.6834855,5.607871,1.9148172,7.407158,7.041304,4.897305,4.611459,6.308272,5
41,25-MFCC.csv,6.6562457,5.1063175,6.224532,7.9248734,4.380601,3.5529506,6.9842257,8.53442,7.903284,4.230584,4.8884683,4.803455,4.5434093,5.7900357,2.0617132,7.311431,6.561404,5.5126457,4.823374,6.33211,1
42,26-MFCC.csv,5.852698,5.0239043,4.756587,7.228485,4.6990976,3.5041075,5.7839136,7.171028,6.408425,4.8011637,4.9050746,5.2229643,3.6236663,5.013421,2.106304,6.7013884,7.080095,7.3211803,6.075749,6.026617,3
43,27-MFCC.csv,5.468902,5.4336534,4.474225,6.6865654,4.702394,3.987399,6.51141,7.2696733,7.0496364,4.7337565,5.419008,5.3445473,3.7191844,4.896244,1.907108,6.3297076,6.3521357,6.767581,4.8829656,5.9014297,0
44,28-MFCC.csv,5.803875,5.198809,4.9994855,7.2661786,4.549014,3.6319938,5.875338,7.5097547,6.553253,4.701847,5.0265646,5.0983214,3.8467977,4.864844,2.0961714,6.594518,6.992714,7.1969247,5.983638,5.943918,3
45,29-MFCC.csv,5.6791973,5.199658,4.8064146,7.039567,4.735676,3.6523786,5.700909,7.2409286,6.2845726,4.8165884,5.003829,5.3177266,3.6283448,4.873183,2.1536684,6.615299,6.82687,7.322322,5.8764596,5.838524,3
46,30-MFCC.csv,6.513838,5.142642,6.072655,7.8002186,4.4184065,3.4740953,7.084629,8.434258,7.882819,4.3222284,5.226124,4.9084134,4.4027343,5.593728,1.7997524,7.1443515,6.583087,5.73467,4.8130603,6.364234,1
47,31-MFCC.csv,5.6630425,5.5089645,4.8310513,6.843848,4.57791,3.8759265,6.7952437,7.573465,7.2950273,4.5839586,5.63617,5.2033834,3.809231,4.901531,1.691328,6.349193,6.4803963,6.501407,4.899773,5.961996,0
48,32-MFCC.csv,7.1251054,5.0018344,6.708483,8.275082,4.167651,4.12509,7.1254473,9.139172,7.9137297,3.623643,4.660286,4.757148,5.1285143,5.3652124,2.3043396,7.4371867,7.2554483,4.59884,4.7074413,6.258707,5
49,33-MFCC.csv,7.0323987,4.9848228,6.624404,8.272679,4.245077,4.1320877,7.1308265,9.082523,7.9020457,3.5300632,4.4988246,4.747695,5.308722,5.2116,2.428164,7.3294663,7.019256,4.774504,4.866559,6.308333,5
50,34-MFCC.csv,6.2936454,5.410162,5.8152676,7.628939,4.5005445,3.7588992,7.4148192,8.364837,7.732605,3.876926,5.5771112,4.9134007,4.4128113,5.0430765,1.4223883,6.8195524,6.5227494,5.922139,4.7895393,6.4865828,4
51,35-MFCC.csv,5.5605946,5.4734373,4.7089076,6.7018723,4.588578,3.8484251,6.6273623,7.496974,7.359027,4.5801725,5.624963,5.1616316,3.9237409,4.7937098,1.7697333,6.1982574,6.358141,6.6049895,4.9705243,6.0048623,0
52,36-MFCC.csv,6.5001683,5.2297006,5.9033484,7.7578316,4.4265585,3.9703407,6.772979,8.3242445,7.4260874,4.051644,4.9805145,4.860756,4.470127,5.3191023,2.0289931,7.111947,6.77986,5.730168,5.0368085,6.311882,2
53,37-MFCC.csv,6.399311,5.3476715,5.8666224,7.724656,4.463945,3.8808262,7.2101088,8.374019,7.628891,3.8840802,5.330843,4.8629327,4.4869547,5.180968,1.6357317,6.951775,6.5994673,5.823166,4.852834,6.4613237,2
54,38-MFCC.csv,7.063414,5.1475816,6.6508617,8.356007,4.3949537,3.937493,7.5358315,9.090833,8.151152,3.5026805,4.7359405,4.7585177,5.2374506,5.2988663,2.3662436,7.4109206,6.5117826,4.9608083,4.773804,6.5122075,5
55,39-MFCC.csv,6.9073834,4.9951653,6.529897,8.164539,4.305723,3.8844953,7.361462,8.895611,8.007059,3.5922804,4.7181993,4.686383,5.079293,5.2852435,2.1669612,7.3300767,6.6818967,5.023161,4.7922864,6.5323935,5
56,40-MFCC.csv,6.699791,5.099224,6.1828613,7.9352155,4.374633,3.9376452,6.63489,8.520582,7.453381,4.0947003,4.7016954,4.8645124,4.6072373,5.3908496,2.330577,7.3197017,7.0194726,5.461631,5.1151896,6.164416,5
57,41-MFCC.csv,6.9626646,5.091202,6.586196,8.235884,4.26462,4.1336026,7.37613,9.006021,8.081351,3.4560714,4.6397653,4.761637,5.308819,5.242752,2.149416,7.326436,6.63461,4.88531,4.758079,6.4979334,5
58,42-MFCC.csv,6.979289,5.10777,6.5275564,8.183551,4.2801743,4.0515866,7.132863,8.967661,7.891513,3.640907,4.717043,4.7381177,4.9691124,5.5269184,2.0904353,7.402321,6.9250546,4.912811,4.784613,6.247618,5
59,43-MFCC.csv,6.78175,5.0976324,6.3455877,8.119497,4.274308,3.9932504,7.3689365,8.806965,7.9381957,3.4804792,4.812713,4.768284,5.087459,5.12389,2.0120864,7.205424,6.5682373,5.2662334,4.810315,6.5509853,5
60,44-MFCC.csv,6.791311,5.2587104,6.396159,7.7861824,4.38578,3.3904078,7.4794793,8.731451,8.037946,4.3386755,5.716684,4.9614882,4.090788,5.519069,1.4839734,7.263138,7.0826902,5.1469812,4.4934354,6.352632,4
61,45-MFCC.csv,5.6245937,5.48015,4.7610474,6.840693,4.573799,3.8548672,6.5974097,7.4721346,7.116629,4.6362753,5.5249376,5.2070665,3.785895,4.866681,1.7963811,6.347119,6.4992924,6.7112675,5.0452585,5.9149876,0
62,46-MFCC.csv,5.8793197,5.1433253,4.973559,7.3706694,4.646569,3.8251388,5.980296,7.419673,6.469275,4.6775966,4.9445863,5.1955867,3.97108,4.9667525,2.091097,6.721749,6.8115606,7.129449,5.7438693,6.0673604,3
63,47-MFCC.csv,6.7318354,5.2115755,6.343991,7.9123607,4.4233313,3.7188485,7.2685156,8.802541,8.12383,4.1876783,5.296866,5.083203,4.64244,5.417623,1.8620858,7.1781845,6.7030835,5.255701,4.671442,6.251326,1
64,48-MFCC.csv,6.5567856,5.2640877,6.012368,7.8543415,4.394806,4.1268306,7.121821,8.542194,7.6115837,3.6647525,5.0097523,4.840538,4.7936873,5.087856,1.9189693,7.029883,6.689164,5.5441103,4.918007,6.393784,2
65,49-MFCC.csv,6.836245,5.0651865,6.4422746,8.013192,4.2633147,3.7637823,7.3061547,8.769948,7.9933233,3.8071632,4.9942846,4.7731276,4.660367,5.426799,1.9040567,7.353059,6.762408,5.0779195,4.63016,6.507788,1
66,50-MFCC.csv,5.739859,5.2503276,4.954614,7.1346307,4.546696,3.5046768,5.9011965,7.522699,6.642701,4.6744885,5.0778127,5.106242,3.7397695,4.8780737,2.1029515,6.5454535,6.935718,7.170463,5.9365196,5.867595,3
67,51-MFCC.csv,5.758659,5.205492,4.8106675,7.216158,4.759984,3.7924705,5.5190763,7.384938,6.0525484,4.7981296,4.962419,5.4265933,3.7577577,4.7524886,2.1650455,6.5264864,6.8006186,7.5541415,5.96841,5.874199,3
68,52-MFCC.csv,6.7545247,4.8305087,6.431828,7.9925437,4.291537,3.385505,7.2071853,8.739602,8.079631,4.2086635,5.030594,4.841064,4.6745877,5.546767,2.040144,7.2810564,6.8968806,5.343108,4.775563,6.3601604,1
69,53-MFCC.csv,6.4951477,5.4144316,6.04385,7.684031,4.478681,3.5327208,7.4161177,8.503937,7.9304075,4.250332,5.7876987,5.0116687,4.1516094,5.393187,1.32424,7.041363,6.69756,5.6269403,4.593273,6.3668013,4
70,54-MFCC.csv,6.482346,5.285438,5.9729533,7.8803024,4.4168596,3.8958485,7.135398,8.405289,7.60119,3.7556393,5.038656,4.7098985,4.6146,5.3181615,1.788897,7.073692,6.5267053,5.788932,4.9203105,6.574638,2
71,55-MFCC.csv,6.2225003,5.1526327,5.759815,7.656908,4.4473987,3.5888388,7.283616,8.242243,7.663851,3.89131,5.2986994,4.821789,4.5355363,5.0641255,1.5929865,6.834974,6.4623003,6.146181,4.9732914,6.506824,2
72,56-MFCC.csv,7.0055876,4.960003,6.634044,8.201973,4.1867967,4.063272,7.001144,9.013512,7.959167,3.7520323,4.5299764,4.829095,5.1732264,5.3180304,2.3774624,7.3692565,7.087409,4.764296,4.797129,6.276918,5
73,57-MFCC.csv,6.4054337,5.3476934,5.80543,7.700906,4.450292,4.160235,7.0615115,8.372816,7.485552,3.7351837,5.1426353,4.8842525,4.6430807,5.002043,1.8460566,6.9052186,6.6417856,5.752928,4.9527936,6.3870807,2
74,58-MFCC.csv,6.284311,5.3765473,5.628407,7.6330347,4.480076,3.9978616,6.914358,8.163835,7.3805213,3.9738057,5.18455,4.901977,4.418628,5.1370115,1.7786771,6.8865247,6.5850925,6.0470757,5.006469,6.3972783,2
75,59-MFCC.csv,5.793258,5.1496005,4.8271923,7.31995,4.677657,3.8482385,5.8249207,7.2879252,6.300648,4.78646,4.960855,5.2527757,3.886779,4.850426,2.093686,6.646845,6.889914,7.2965517,5.892637,5.9992623,3
76,60-MFCC.csv,6.416622,5.220962,5.755718,7.5999494,4.4439325,3.94771,6.6470747,8.188726,7.3819957,4.254765,5.072332,4.95157,4.304649,5.3274007,2.0311441,7.0457506,6.7788363,5.8138065,5.0373774,6.236199,2
77,61-MFCC.csv,5.6040344,5.4613504,4.753916,6.851132,4.6371984,3.9765894,6.768295,7.512459,7.3454566,4.64259,5.4730067,5.26126,3.866885,5.01042,1.819218,6.421998,6.3080425,6.473087,4.728036,6.0085444,0
78,62-MFCC.csv,7.0030055,5.0182214,6.5990686,8.143167,4.2401137,3.9159167,7.106562,8.957784,7.937321,3.818476,4.776995,4.7600265,4.843036,5.552693,2.1347084,7.4474487,7.0691047,4.820854,4.7075553,6.2776084,5
79,63-MFCC.csv,5.8236413,5.119383,4.8034763,7.3186264,4.7286134,3.738377,5.682686,7.169013,6.1395154,4.8373723,4.8754683,5.300073,3.7889714,4.9061155,2.1473827,6.707876,6.9330626,7.403543,6.0076184,5.959151,3
80,64-MFCC.csv,6.6658397,5.0453606,6.289631,7.9121475,4.382123,3.3406126,7.0469112,8.5870285,8.047657,4.4720144,5.1103377,4.939567,4.459807,5.8206525,1.961872,7.3018565,6.617586,5.526678,4.770359,6.2769785,1
81,65-MFCC.csv,6.209305,5.2086663,5.6061654,7.6063275,4.463757,3.8901477,6.8386807,8.126432,7.342093,3.9541159,5.013582,4.889793,4.5523596,5.010959,1.9580595,6.8412085,6.575944,6.195029,5.1928673,6.320673,2
82,66-MFCC.csv,5.90001,5.170978,5.0952077,7.2504497,4.634748,3.6155417,5.999552,7.5397444,6.688655,4.638757,4.990325,5.1704755,3.8639603,5.00819,2.1249146,6.7308993,6.8447623,6.964318,5.755327,5.981859,3
83,67-MFCC.csv,5.782311,5.2178435,4.9750304,7.1047163,4.6776357,3.6651502,5.9709306,7.417794,6.6204953,4.710659,5.089212,5.2499027,3.7677517,4.9327836,2.0912797,6.6347713,6.791505,7.0461807,5.6853952,5.929657,3
84,68-MFCC.csv,6.249378,5.2603016,5.8063097,7.756671,4.4713645,3.6570113,7.2529826,8.252171,7.6200433,3.7970977,5.168711,4.6960673,4.570142,5.2129717,1.6603842,6.889836,6.370432,6.176662,4.99766,6.637576,2
85,69-MFCC.csv,6.499693,5.38062,6.0442004,7.7413716,4.4841137,3.501294,7.31314,8.48568,7.9829755,4.357667,5.655892,5.043678,4.225754,5.5342655,1.4299182,7.092973,6.57283,5.6730337,4.615059,6.334962,4
86,70-MFCC.csv,6.763109,5.0260763,6.4140997,7.9459095,4.3509955,3.5203228,7.125582,8.757308,8.086337,4.3063464,5.1860075,5.001165,4.49396,5.554674,1.9514378,7.288929,6.824233,5.255199,4.701157,6.293719,1
87,71-MFCC.csv,6.2873793,5.226578,5.8046126,7.804081,4.4503717,3.6889362,7.1315084,8.22108,7.558683,3.8227186,5.0331597,4.660632,4.585491,5.3059707,1.7430195,6.9430456,6.3644476,6.1632967,5.032631,6.6519766,2
88,72-MFCC.csv,7.0279403,5.0623612,6.5819707,8.239906,4.2718163,4.163554,7.105331,9.058345,7.836865,3.529355,4.5900292,4.703719,5.1703696,5.3500843,2.2836263,7.348823,7.0897627,4.768436,4.826735,6.2465286,5
89,73-MFCC.csv,6.828987,4.8506823,6.516501,8.049066,4.281883,3.4005508,7.1925373,8.803722,8.155563,4.2485995,4.9564896,4.8299894,4.7379184,5.6719537,2.1017838,7.348066,6.879179,5.2445173,4.729783,6.34485,1
90,74-MFCC.csv,6.8290734,5.1227655,6.457286,7.909972,4.348734,3.5162902,7.3078575,8.802153,8.078056,4.25486,5.422329,4.9527316,4.317881,5.5601892,1.7337879,7.324625,7.003608,5.1065736,4.5596156,6.317713,1
91,75-MFCC.csv,5.498166,5.5211005,4.5858984,6.570328,4.5593915,3.8653634,6.6199713,7.4338818,7.3337054,4.584721,5.7248387,5.144547,3.8923445,4.701736,1.7506502,6.077754,6.3719144,6.650887,4.9541163,5.931873,0
92,76-MFCC.csv,6.8419633,5.1031184,6.502696,8.101928,4.319108,3.5203595,7.263567,8.757859,8.152526,4.0687523,4.913835,4.7024264,4.6865005,5.9178,1.9515936,7.4416027,6.531067,5.195096,4.6048584,6.491114,1
93,77-MFCC.csv,7.07334,4.9351664,6.69312,8.27255,4.1913605,4.064321,7.071152,9.0922575,7.943974,3.6553042,4.5067854,4.7646337,5.2414145,5.289907,2.4406326,7.3929033,7.136054,4.690224,4.806012,6.292083,5
94,78-MFCC.csv,6.6383514,5.3735576,6.21388,7.7885666,4.442239,3.4806044,7.402003,8.630281,8.023869,4.326269,5.7916465,5.032599,4.1672497,5.5528336,1.3253757,7.1836057,6.7646055,5.4586544,4.5539994,6.3096676,4
95,79-MFCC.csv,6.952392,4.9352503,6.5440173,8.10254,4.2399487,3.9071155,6.9275937,8.8753805,7.8170104,3.9244492,4.6701035,4.8157706,4.843376,5.409567,2.3340602,7.4177127,7.1592793,4.920813,4.847178,6.239054,5
96,80-MFCC.csv,6.0133195,5.133186,5.208881,7.3803067,4.6383724,3.6326501,6.0369263,7.6203585,6.732948,4.5948143,4.906328,5.159217,3.9579215,5.0970187,2.1641452,6.8401475,6.857039,6.855651,5.724666,6.033762,3
97,81-MFCC.csv,5.528784,5.4962173,4.6543446,6.650355,4.5566115,3.802904,6.4738307,7.4478717,7.0685334,4.6312304,5.6757874,5.1895366,3.751468,4.683516,1.7496215,6.1197705,6.592182,6.8101983,5.198199,5.8422494,0
98,82-MFCC.csv,6.135905,5.139134,5.4229608,7.502575,4.5875864,3.651012,6.175847,7.799248,6.9128222,4.5142183,4.861687,5.081516,4.0964003,5.18464,2.1992188,6.9560695,6.834673,6.6012645,5.613947,6.065229,3
99,83-MFCC.csv,5.7451954,5.210222,4.856487,7.088999,4.5964866,3.573122,5.9835644,7.487759,6.668406,4.6365814,5.1132083,5.144674,3.761705,4.8422537,2.023172,6.525677,6.875032,7.161809,5.8814325,5.9416285,3
100,84-MFCC.csv,5.8222914,5.1278963,4.7819877,7.292918,4.766261,3.7282937,5.5342493,7.3404818,6.0792756,4.7859874,4.935329,5.4100375,3.7531462,4.7570753,2.1031573,6.54131,6.925961,7.5893955,6.096938,5.961357,3
101,85-MFCC.csv,6.8747067,5.0812945,6.435472,8.1824465,4.2717686,4.170625,7.227481,8.916337,7.868643,3.4172168,4.6241126,4.735021,5.2411776,5.146566,2.16166,7.2385507,6.742404,5.0608954,4.878016,6.4239674,5
102,86-MFCC.csv,6.5640373,5.3965926,6.067681,7.7004156,4.4751034,3.555349,7.217244,8.472448,7.883499,4.4206133,5.667793,5.037675,4.0718904,5.5570354,1.4915257,7.155535,6.7352953,5.544903,4.601584,6.312335,4
103,87-MFCC.csv,5.464963,5.5479236,4.4778223,6.548887,4.545127,3.956608,6.6132417,7.3799706,7.151223,4.60666,5.682203,5.188621,3.8166535,4.7231364,1.8144331,6.106026,6.4173737,6.726596,4.863262,5.7898126,0
104,88-MFCC.csv,6.2851887,5.2999487,5.8157163,7.725233,4.4663897,3.7553797,7.3621483,8.321178,7.660748,3.7384193,5.32957,4.767413,4.568253,5.0799465,1.5410914,6.8549805,6.4447002,6.0345,4.8990865,6.596982,2
105,89-MFCC.csv,6.815744,5.2256327,6.455627,8.022528,4.365212,3.5309446,7.2654877,8.748177,8.193865,4.214354,5.14512,4.8410687,4.4970818,5.928089,1.8046441,7.425606,6.514366,5.186632,4.521541,6.4084578,1
106,90-MFCC.csv,5.497253,5.6150055,4.5438538,6.574123,4.4881268,3.9291046,6.548835,7.4376626,7.068917,4.6652703,5.7421026,5.181904,3.780713,4.7151566,1.8109688,6.085399,6.5128245,6.7746005,4.939946,5.6918325,0
107,91-MFCC.csv,6.9416614,5.0090413,6.555923,8.194208,4.315048,4.028085,7.0557547,8.9565525,7.9003363,3.6743596,4.5057297,4.732801,5.193791,5.3318477,2.3744962,7.3138857,6.909339,4.9107404,4.900243,6.312965,5
108,92-MFCC.csv,6.055813,5.248084,5.327555,7.4189553,4.5188513,3.830877,6.615206,7.860597,7.1663494,4.278221,5.1307497,4.998468,4.241993,5.073097,1.9054859,6.74264,6.5932884,6.4564123,5.2372775,6.238782,2
109,93-MFCC.csv,5.836319,5.1581197,4.869184,7.3602543,4.7120557,3.827374,5.650791,7.374844,6.148397,4.7614527,4.956666,5.3304195,3.8651638,4.7299185,2.072146,6.572068,6.9308615,7.464658,6.050384,5.9895577,3
110,94-MFCC.csv,6.37396,5.159437,5.879761,7.760629,4.4698586,3.5060873,6.7033744,8.22877,7.5838246,4.3989596,4.8911204,4.9145846,4.4096084,5.5765734,2.0952954,7.118693,6.5233927,6.079996,5.1419754,6.23883,2
111,95-MFCC.csv,5.5109267,5.4843097,4.6096926,6.634777,4.6018896,3.8464243,6.61297,7.393943,7.310059,4.5947957,5.6450696,5.1761694,3.8616014,4.7238173,1.736682,6.1464224,6.3542547,6.6794577,5.0138016,6.01706,0
112,96-MFCC.csv,5.8532186,5.104549,4.832481,7.1848145,4.745458,3.4890807,5.655315,7.292462,6.306568,4.7707477,4.944991,5.346338,3.6122885,4.94073,2.1143098,6.6157775,6.972291,7.4106994,6.0537024,5.9408607,3
113,97-MFCC.csv,5.876462,5.060792,4.7848577,7.407387,4.7027493,3.7082758,5.6975937,7.1887484,6.1838536,4.8077707,4.8400435,5.267152,3.8200428,4.928676,2.1346738,6.708338,6.997463,7.453822,6.0901356,6.037132,3
114,98-MFCC.csv,6.4534163,5.380144,5.895388,7.6514893,4.478061,3.6392553,7.0418215,8.318664,7.681428,4.3746176,5.544281,5.0271516,4.1228623,5.448622,1.5511912,7.0771995,6.69301,5.785127,4.7851644,6.2962604,4
115,99-MFCC.csv,6.9517307,5.001354,6.5891495,8.234798,4.1759067,4.0059433,7.399111,8.999744,8.149375,3.5066586,4.700958,4.8167415,5.2303247,5.22695,2.1004524,7.3412266,6.6593547,4.954933,4.705733,6.511114,5
